exp,model,condition,made_up,lo,hi,n
exp2,qwen3_4b,none,0.0,0.0,0.0158,240
exp2,qwen3_4b,weak,0.0042,0.0007,0.0232,240
exp2,qwen3_4b,medium,0.1583,0.1176,0.2099,240
exp2,qwen3_4b,strong,0.65,0.5877,0.7076,240
exp2,llama31_8b,none,0.0042,0.0007,0.0232,240
exp2,llama31_8b,weak,0.0083,0.0023,0.0299,240
exp2,llama31_8b,medium,0.1458,0.1068,0.1961,240
exp2,llama31_8b,strong,0.6458,0.5835,0.7036,240
exp2,gemma3_27b,none,0.05,0.0288,0.0853,240
exp2,gemma3_27b,weak,0.2208,0.173,0.2775,240
exp2,gemma3_27b,medium,0.7125,0.6522,0.7661,240
exp2,gemma3_27b,strong,0.9083,0.8651,0.9387,240
exp2,qwen3_30b_a3b,none,0.0167,0.0065,0.0421,240
exp2,qwen3_30b_a3b,weak,0.0958,0.0647,0.1397,240
exp2,qwen3_30b_a3b,medium,0.2583,0.2071,0.3172,240
exp2,qwen3_30b_a3b,strong,0.8292,0.7765,0.8715,240
exp2,llama33_70b,none,0.0,0.0,0.0158,240
exp2,llama33_70b,weak,0.0542,0.0319,0.0905,240
exp2,llama33_70b,medium,0.4417,0.3802,0.5049,240
exp2,llama33_70b,strong,0.9417,0.9045,0.9649,240
exp2,qwen3_next_80b,none,0.0,0.0,0.0158,240
exp2,qwen3_next_80b,weak,0.0,0.0,0.0158,240
exp2,qwen3_next_80b,medium,0.2458,0.1956,0.304,240
exp2,qwen3_next_80b,strong,0.8667,0.8178,0.9039,240
exp3,qwen3_4b,none_8k,0.0,0.0,0.0119,320
exp3,qwen3_4b,none_32k,0.0,0.0,0.0119,320
exp3,qwen3_4b,none_64k,0.0094,0.0032,0.0272,320
exp3,qwen3_4b,none_128k,0.0312,0.0171,0.0566,320
exp3,qwen3_4b,strong_8k,0.6969,0.6444,0.7447,320
exp3,qwen3_4b,strong_32k,0.575,0.5203,0.628,320
exp3,qwen3_4b,strong_64k,0.6844,0.6315,0.7329,320
exp3,qwen3_4b,strong_128k,0.6,0.5454,0.6522,320
exp3,llama31_8b,none_8k,0.0,0.0,0.0119,320
exp3,llama31_8b,none_32k,0.0,0.0,0.0119,320
exp3,llama31_8b,none_64k,0.0,0.0,0.0119,320
exp3,llama31_8b,none_128k,0.0625,0.0408,0.0946,320
exp3,llama31_8b,strong_8k,0.625,0.5708,0.6763,320
exp3,llama31_8b,strong_32k,0.5656,0.5109,0.6188,320
exp3,llama31_8b,strong_64k,0.6281,0.5739,0.6793,320
exp3,llama31_8b,strong_128k,0.6406,0.5867,0.6912,320
exp3,gemma3_27b,none_8k,0.0063,0.0017,0.0225,320
exp3,gemma3_27b,none_32k,0.0594,0.0383,0.0909,320
exp3,gemma3_27b,none_64k,0.2125,0.1712,0.2606,320
exp3,gemma3_27b,strong_8k,0.9625,0.9356,0.9784,320
exp3,gemma3_27b,strong_32k,0.9281,0.8945,0.9516,320
exp3,gemma3_27b,strong_64k,0.8688,0.8273,0.9014,320
exp3,qwen3_30b_a3b,none_8k,0.0063,0.0017,0.0225,320
exp3,qwen3_30b_a3b,none_32k,0.025,0.0127,0.0485,320
exp3,qwen3_30b_a3b,none_64k,0.0344,0.0193,0.0605,320
exp3,qwen3_30b_a3b,none_128k,0.0813,0.056,0.1164,320
exp3,qwen3_30b_a3b,strong_8k,0.8562,0.8136,0.8905,320
exp3,qwen3_30b_a3b,strong_32k,0.8375,0.7931,0.8739,320
exp3,qwen3_30b_a3b,strong_64k,0.7937,0.7461,0.8345,320
exp3,qwen3_30b_a3b,strong_128k,0.8281,0.783,0.8655,320
exp3,llama33_70b,none_8k,0.0,0.0,0.0119,320
exp3,llama33_70b,none_32k,0.0031,0.0006,0.0175,320
exp3,llama33_70b,none_64k,0.0063,0.0017,0.0225,320
exp3,llama33_70b,none_128k,0.7438,0.6932,0.7885,320
exp3,llama33_70b,strong_8k,0.8969,0.8587,0.9256,320
exp3,llama33_70b,strong_32k,0.8938,0.8552,0.923,320
exp3,llama33_70b,strong_64k,0.8531,0.8102,0.8877,320
exp3,llama33_70b,strong_128k,0.8969,0.8587,0.9256,320
exp3,qwen3_next_80b,none_8k,0.0,0.0,0.0119,320
exp3,qwen3_next_80b,none_32k,0.0,0.0,0.0119,320
exp3,qwen3_next_80b,none_64k,0.0,0.0,0.0119,320
exp3,qwen3_next_80b,none_128k,0.0,0.0,0.0119,320
exp3,qwen3_next_80b,strong_8k,0.8656,0.8239,0.8987,320
exp3,qwen3_next_80b,strong_32k,0.8313,0.7863,0.8683,320
exp3,qwen3_next_80b,strong_64k,0.8031,0.7561,0.843,320
exp3,qwen3_next_80b,strong_128k,0.7625,0.7129,0.8058,320
