model,ladder,none_pct,weak_pct,medium_pct,strong_pct,none_lo,weak_lo,medium_lo,strong_lo,none_hi,weak_hi,medium_hi,strong_hi,n_per_level,strong_minus_none
Qwen3 4B,name,0.0,0.8,30.8,80.8,0.0,0.1,23.3,72.9,3.1,4.6,39.6,86.9,120,80.8
Qwen3 4B,role,0.0,0.0,0.8,49.2,0.0,0.0,0.1,40.4,3.1,3.1,4.6,58.0,120,49.2
Llama 3.1 8B,name,0.0,0.8,24.2,91.7,0.0,0.1,17.4,85.3,3.1,4.6,32.6,95.4,120,91.7
Llama 3.1 8B,role,0.8,0.8,5.0,37.5,0.1,0.1,2.3,29.4,4.6,4.6,10.5,46.4,120,36.7
Gemma 3 27B,name,5.0,20.0,99.2,99.2,2.3,13.8,95.4,95.4,10.5,28.0,99.9,99.9,120,94.2
Gemma 3 27B,role,5.0,24.2,43.3,82.5,2.3,17.4,34.8,74.7,10.5,32.6,52.3,88.3,120,77.5
Qwen3 30B A3B,name,0.0,0.0,26.7,98.3,0.0,0.0,19.6,94.1,3.1,3.1,35.2,99.5,120,98.3
Qwen3 30B A3B,role,3.3,19.2,25.0,67.5,1.3,13.1,18.1,58.7,8.3,27.1,33.4,75.2,120,64.2
Llama 3.3 70B,name,0.0,1.7,51.7,100.0,0.0,0.5,42.8,96.9,3.1,5.9,60.4,100.0,120,100.0
Llama 3.3 70B,role,0.0,9.2,36.7,88.3,0.0,5.2,28.6,81.4,3.1,15.7,45.6,92.9,120,88.3
Qwen3 Next 80B,name,0.0,0.0,41.7,95.0,0.0,0.0,33.2,89.5,3.1,3.1,50.6,97.7,120,95.0
Qwen3 Next 80B,role,0.0,0.0,7.5,78.3,0.0,0.0,4.0,70.1,3.1,3.1,13.6,84.8,120,78.3
GLM 4.5 Air 106B,name,0.0,4.2,9.2,100.0,0.0,1.8,5.2,96.9,3.1,9.4,15.7,100.0,120,100.0
GLM 4.5 Air 106B,role,0.8,16.7,39.2,86.7,0.1,11.1,30.9,79.4,4.6,24.3,48.1,91.6,120,85.8
