model,ladder,strong_32k,none_longest,longest_k,gap_points
Qwen3 4B,name,80.8,0.0,128,80.8
Qwen3 4B,role,49.2,6.2,128,42.9
Llama 3.1 8B,name,91.7,8.1,128,83.5
Llama 3.1 8B,role,37.5,4.4,128,33.1
Gemma 3 27B,name,99.2,8.1,64,91.0
Gemma 3 27B,role,82.5,34.4,64,48.1
Qwen3 30B A3B,name,98.3,0.6,128,97.7
Qwen3 30B A3B,role,67.5,15.6,128,51.9
Llama 3.3 70B,name,100.0,61.9,128,38.1
Llama 3.3 70B,role,88.3,86.9,128,1.5
Qwen3 Next 80B,name,95.0,0.0,128,95.0
Qwen3 Next 80B,role,78.3,0.0,128,78.3
GLM 4.5 Air 106B,name,100.0,0.0,128,100.0
GLM 4.5 Air 106B,role,86.7,35.0,128,51.7
