model,filler,hit_rate,false_alarm,d_prime,d_lo,d_hi,c,c_lo,c_hi
Qwen3 4B,unrelated,90.9,73.8,0.701,0.503,0.936,-0.986,-1.102,-0.885
Qwen3 4B,sibling,74.5,54.1,0.558,0.389,0.74,-0.381,-0.47,-0.292
Llama 3.1 8B,unrelated,83.0,67.7,0.495,0.274,0.711,-0.706,-0.816,-0.591
Llama 3.1 8B,sibling,58.9,55.3,0.092,-0.108,0.287,-0.179,-0.275,-0.078
Gemma 3 27B,unrelated,79.0,93.8,-0.729,-0.994,-0.487,-1.17,-1.312,-1.047
Gemma 3 27B,sibling,68.5,90.2,-0.811,-1.057,-0.565,-0.888,-1.02,-0.772
Qwen3 30B A3B,unrelated,99.5,83.8,1.592,1.304,1.706,-1.78,-1.848,-1.634
Qwen3 30B A3B,sibling,97.8,82.0,1.1,0.853,1.394,-1.467,-1.613,-1.352
Llama 3.3 70B,unrelated,90.0,94.8,-0.348,-0.638,-0.115,-1.456,-1.594,-1.332
Llama 3.3 70B,sibling,72.0,82.2,-0.339,-0.543,-0.135,-0.753,-0.865,-0.654
Qwen3 Next 80B,unrelated,98.9,85.6,1.229,0.973,1.553,-1.678,-1.845,-1.54
Qwen3 Next 80B,sibling,92.0,77.5,0.652,0.442,0.876,-1.081,-1.196,-0.984
GLM 4.5 Air 106B,unrelated,100.0,94.0,1.025,0.769,1.233,-2.064,-2.191,-1.96
GLM 4.5 Air 106B,sibling,93.4,82.2,0.587,0.37,0.814,-1.216,-1.329,-1.116
