model,length_k,made_up_pct,questions,documents,wilson_lo,wilson_hi,boot_lo,boot_hi
Qwen3 4B,8,0.0,320,40,0.0,1.2,0.0,0.0
Qwen3 4B,32,0.0,320,40,0.0,1.2,0.0,0.0
Qwen3 4B,64,0.9,320,40,0.3,2.7,0.0,2.2
Qwen3 4B,128,3.1,320,40,1.7,5.7,0.9,5.6
Llama 3.1 8B,8,0.0,320,40,0.0,1.2,0.0,0.0
Llama 3.1 8B,32,0.0,320,40,0.0,1.2,0.0,0.0
Llama 3.1 8B,64,0.0,320,40,0.0,1.2,0.0,0.0
Llama 3.1 8B,128,6.2,320,40,4.1,9.5,3.4,9.4
Gemma 3 27B,8,0.6,320,40,0.2,2.2,0.0,1.6
Gemma 3 27B,32,5.9,320,40,3.8,9.1,3.1,8.8
Gemma 3 27B,64,21.2,320,40,17.1,26.1,15.3,27.5
Qwen3 30B A3B,8,0.6,320,40,0.2,2.2,0.0,1.9
Qwen3 30B A3B,32,2.5,320,40,1.3,4.9,0.6,4.7
Qwen3 30B A3B,64,3.4,320,40,1.9,6.0,1.6,5.6
Qwen3 30B A3B,128,8.1,320,40,5.6,11.6,4.7,12.2
Llama 3.3 70B,8,0.0,320,40,0.0,1.2,0.0,0.0
Llama 3.3 70B,32,0.3,320,40,0.1,1.7,0.0,0.9
Llama 3.3 70B,64,0.6,320,40,0.2,2.2,0.0,1.6
Llama 3.3 70B,128,74.4,320,40,69.3,78.8,65.0,83.1
Qwen3 Next 80B,8,0.0,320,40,0.0,1.2,0.0,0.0
Qwen3 Next 80B,32,0.0,320,40,0.0,1.2,0.0,0.0
Qwen3 Next 80B,64,0.0,320,40,0.0,1.2,0.0,0.0
Qwen3 Next 80B,128,0.0,320,40,0.0,1.2,0.0,0.0
GLM 4.5 Air 106B,8,0.0,320,40,0.0,1.2,0.0,0.0
GLM 4.5 Air 106B,32,0.6,320,40,0.2,2.2,0.0,1.6
GLM 4.5 Air 106B,64,1.2,320,40,0.5,3.2,0.3,2.5
GLM 4.5 Air 106B,128,17.5,160,20,12.4,24.1,9.4,26.9
