model,length_k,present_pct,present_lo,present_hi,present_n,none_pct,none_lo,none_hi,none_n,diff_points,fisher_p,significant
glm_4_6,32,28.3,26.2,30.5,1632,5.6,5.0,6.3,4416,22.7,0.0,positive
glm_4_7,32,37.1,34.7,39.6,1496,2.3,1.9,2.8,4048,34.8,0.0,positive
llama_4_maverick_17b_128e_instruct,32,61.4,57.2,65.4,544,10.3,8.9,12.0,1472,51.1,0.0,positive
llama_4_scout_17b_16e_instruct,32,12.5,10.0,15.5,544,48.4,45.9,51.0,1472,-35.9,0.0,negative
qwen3_235b_a22b_instruct_2507,32,22.8,20.8,25.0,1513,17.0,15.9,18.2,4094,5.8,0.0,positive
qwen3_235b_a22b_instruct_2507_fp8,32,23.0,20.9,25.2,1496,20.3,19.0,21.5,4048,2.7,0.0284,positive
qwen3_30b_a3b_instruct_2507,32,61.6,57.9,65.2,680,37.0,34.8,39.2,1840,24.7,0.0,positive
qwen3_4b_instruct_2507,32,82.5,79.5,85.2,680,18.6,16.9,20.4,1840,63.9,0.0,positive
qwen3_coder_30b_a3b_instruct,32,89.9,87.4,91.9,680,31.5,29.4,33.7,1840,58.3,0.0,positive
qwen3_coder_480b_a35b_instruct,32,42.4,39.7,45.2,1224,13.3,12.2,14.5,3312,29.1,0.0,positive
qwen3_next_80b_a3b_instruct,32,6.1,4.4,8.4,544,6.2,5.1,7.6,1472,-0.2,0.9175,none
glm_4_6,128,49.7,47.5,51.8,2112,18.4,17.4,19.3,6528,31.3,0.0,positive
glm_4_7,128,16.2,14.6,18.0,1760,11.5,10.7,12.3,5440,4.8,0.0,positive
llama_4_maverick_17b_128e_instruct,128,83.0,80.0,85.6,704,43.8,41.7,45.9,2176,39.2,0.0,positive
llama_4_scout_17b_16e_instruct,128,30.8,27.5,34.3,704,62.1,60.1,64.1,2176,-31.3,0.0,negative
qwen3_235b_a22b_instruct_2507,128,31.7,29.6,33.9,1760,40.4,39.1,41.7,5440,-8.7,0.0,negative
qwen3_235b_a22b_instruct_2507_fp8,128,31.5,29.5,33.6,1936,40.7,39.5,42.0,5984,-9.2,0.0,negative
qwen3_30b_a3b_instruct_2507,128,48.2,44.9,51.5,880,52.9,51.1,54.8,2720,-4.8,0.0145,negative
qwen3_4b_instruct_2507,128,34.9,31.8,38.1,880,56.3,54.5,58.2,2720,-21.4,0.0,negative
qwen3_coder_30b_a3b_instruct,128,61.5,58.2,64.6,880,62.1,60.2,63.9,2720,-0.6,0.7799,none
qwen3_coder_480b_a35b_instruct,128,24.4,22.4,26.6,1584,37.9,36.6,39.3,4896,-13.5,0.0,negative
qwen3_next_80b_a3b_instruct,128,0.6,0.2,1.5,704,15.9,14.4,17.5,2176,-15.3,0.0,negative
glm_4_6,200,39.3,37.4,41.2,2496,74.5,73.6,75.4,8736,-35.2,0.0,negative
glm_4_7,200,49.2,46.9,51.5,1872,38.7,37.6,39.9,6552,10.5,0.0,positive
llama_4_maverick_17b_128e_instruct,200,83.9,81.2,86.2,832,50.9,49.1,52.7,2912,33.0,0.0,positive
llama_4_scout_17b_16e_instruct,200,18.5,16.0,21.3,832,59.6,57.8,61.3,2912,-41.1,0.0,negative
qwen3_235b_a22b_instruct_2507,200,41.5,39.4,43.6,2080,59.0,57.9,60.1,7280,-17.5,0.0,negative
qwen3_235b_a22b_instruct_2507_fp8,200,42.4,40.4,44.5,2288,61.7,60.6,62.8,8008,-19.3,0.0,negative
qwen3_30b_a3b_instruct_2507,200,58.8,55.7,61.7,1040,65.3,63.7,66.8,3640,-6.5,0.0001,negative
qwen3_4b_instruct_2507,200,48.8,45.8,51.9,1040,36.4,34.8,38.0,3640,12.5,0.0,positive
qwen3_coder_30b_a3b_instruct,200,74.5,72.0,76.9,1248,68.0,66.6,69.4,4368,6.5,0.0,positive
qwen3_coder_480b_a35b_instruct,200,37.9,35.7,40.1,1872,56.2,55.0,57.4,6552,-18.4,0.0,negative
qwen3_next_80b_a3b_instruct,200,4.8,3.6,6.5,832,20.7,19.2,22.2,2912,-15.9,0.0,negative
