exp,model,prompt_style,temperature,seed,length_k,ladder,level,copies,filler,n_no_answer,made_up,made_up_pct,made_up_lo,made_up_hi,refused,other_no_answer,refused_but_mentions_lookalike,captured,capture_pct,n_with_answer,correct,wrong_refusal,wrong,truncated
exp8,gemma3_27b,normal,0.0,0,32,name,none,1,unrelated,120,6,5.0,2.31,10.48,114,0,0,0,0.0,60,45,0,15,0
exp8,gemma3_27b,normal,0.0,0,32,name,strong,1,unrelated,120,119,99.17,95.43,99.85,1,0,0,70,58.82,60,46,0,14,0
exp8,gemma3_27b,normal,0.0,0,32,name,decoy,1,unrelated,120,1,0.83,0.15,4.57,119,0,0,0,0.0,60,41,0,18,0
exp8,gemma3_27b,normal,0.0,0,32,role,none,1,unrelated,120,8,6.67,3.42,12.61,111,1,0,0,0.0,60,51,1,8,0
exp8,gemma3_27b,normal,0.0,0,32,role,strong,1,unrelated,120,103,85.83,78.48,90.96,17,0,1,77,74.76,60,44,7,9,0
exp8,gemma3_27b,normal,0.0,0,32,role,decoy,1,unrelated,120,13,10.83,6.44,17.66,107,0,0,0,0.0,60,50,4,6,0
exp8,glm45_air,normal,0.0,0,32,name,none,1,unrelated,120,0,0.0,0.0,3.1,120,0,0,0,,60,60,0,0,0
exp8,glm45_air,normal,0.0,0,32,name,strong,1,unrelated,120,119,99.17,95.43,99.85,1,0,0,119,100.0,60,60,0,0,0
exp8,glm45_air,normal,0.0,0,32,name,decoy,1,unrelated,120,0,0.0,0.0,3.1,120,0,0,0,,60,60,0,0,0
exp8,glm45_air,normal,0.0,0,32,role,none,1,unrelated,120,1,0.83,0.15,4.57,119,0,0,0,0.0,60,59,0,1,0
exp8,glm45_air,normal,0.0,0,32,role,strong,1,unrelated,120,109,90.83,84.33,94.8,11,0,0,108,99.08,60,60,0,0,0
exp8,glm45_air,normal,0.0,0,32,role,decoy,1,unrelated,120,1,0.83,0.15,4.57,119,0,0,0,0.0,60,60,0,0,0
exp8,llama31_8b,normal,0.0,0,32,name,none,1,unrelated,120,0,0.0,0.0,3.1,120,0,0,0,,60,60,0,0,0
exp8,llama31_8b,normal,0.0,0,32,name,strong,1,unrelated,120,99,82.5,74.72,88.26,21,0,0,99,100.0,60,56,4,0,0
exp8,llama31_8b,normal,0.0,0,32,name,decoy,1,unrelated,120,0,0.0,0.0,3.1,120,0,0,0,,60,58,2,0,0
exp8,llama31_8b,normal,0.0,0,32,role,none,1,unrelated,120,0,0.0,0.0,3.1,120,0,0,0,,60,47,12,1,0
exp8,llama31_8b,normal,0.0,0,32,role,strong,1,unrelated,120,41,34.17,26.29,43.03,79,0,0,39,95.12,60,42,16,2,0
exp8,llama31_8b,normal,0.0,0,32,role,decoy,1,unrelated,120,0,0.0,0.0,3.1,120,0,0,0,,60,42,18,0,0
exp8,llama33_70b,normal,0.0,0,32,name,none,1,unrelated,120,0,0.0,0.0,3.1,120,0,0,0,,60,60,0,0,0
exp8,llama33_70b,normal,0.0,0,32,name,strong,1,unrelated,120,118,98.33,94.13,99.54,2,0,0,110,93.22,60,60,0,0,0
exp8,llama33_70b,normal,0.0,0,32,name,decoy,1,unrelated,120,0,0.0,0.0,3.1,120,0,0,0,,60,58,0,2,0
exp8,llama33_70b,normal,0.0,0,32,role,none,1,unrelated,120,1,0.83,0.15,4.57,119,0,0,0,0.0,60,59,0,0,0
exp8,llama33_70b,normal,0.0,0,32,role,strong,1,unrelated,120,102,85.0,77.53,90.3,18,0,3,96,94.12,60,58,1,0,0
exp8,llama33_70b,normal,0.0,0,32,role,decoy,1,unrelated,120,0,0.0,0.0,3.1,120,0,0,0,,60,58,2,0,0
exp8,qwen3_30b_a3b,normal,0.0,0,32,name,none,1,unrelated,120,0,0.0,0.0,3.1,120,0,0,0,,60,60,0,0,0
exp8,qwen3_30b_a3b,normal,0.0,0,32,name,strong,1,unrelated,120,114,95.0,89.52,97.69,6,0,0,113,99.12,60,60,0,0,0
exp8,qwen3_30b_a3b,normal,0.0,0,32,name,decoy,1,unrelated,120,0,0.0,0.0,3.1,120,0,0,0,,60,60,0,0,0
exp8,qwen3_30b_a3b,normal,0.0,0,32,role,none,1,unrelated,120,0,0.0,0.0,3.1,119,1,0,0,,60,60,0,0,0
exp8,qwen3_30b_a3b,normal,0.0,0,32,role,strong,1,unrelated,120,79,65.83,56.97,73.71,41,0,1,79,100.0,60,60,0,0,0
exp8,qwen3_30b_a3b,normal,0.0,0,32,role,decoy,1,unrelated,120,2,1.67,0.46,5.87,116,2,0,0,0.0,60,60,0,0,0
exp8,qwen3_4b,normal,0.0,0,32,name,none,1,unrelated,120,0,0.0,0.0,3.1,120,0,0,0,,60,60,0,0,0
exp8,qwen3_4b,normal,0.0,0,32,name,strong,1,unrelated,120,90,75.0,66.56,81.89,30,0,3,90,100.0,60,60,0,0,0
exp8,qwen3_4b,normal,0.0,0,32,name,decoy,1,unrelated,120,0,0.0,0.0,3.1,120,0,0,0,,60,59,1,0,0
exp8,qwen3_4b,normal,0.0,0,32,role,none,1,unrelated,120,0,0.0,0.0,3.1,120,0,0,0,,60,56,4,0,0
exp8,qwen3_4b,normal,0.0,0,32,role,strong,1,unrelated,120,63,52.5,43.63,61.22,57,0,33,62,98.41,60,55,5,0,0
exp8,qwen3_4b,normal,0.0,0,32,role,decoy,1,unrelated,120,0,0.0,0.0,3.1,120,0,0,0,,60,54,5,1,0
exp8,qwen3_next_80b,normal,0.0,0,32,name,none,1,unrelated,120,0,0.0,0.0,3.1,120,0,0,0,,60,60,0,0,0
exp8,qwen3_next_80b,normal,0.0,0,32,name,strong,1,unrelated,120,114,95.0,89.52,97.69,6,0,1,111,97.37,60,59,0,1,0
exp8,qwen3_next_80b,normal,0.0,0,32,name,decoy,1,unrelated,120,0,0.0,0.0,3.1,120,0,0,0,,60,58,0,2,0
exp8,qwen3_next_80b,normal,0.0,0,32,role,none,1,unrelated,120,0,0.0,0.0,3.1,120,0,0,0,,60,60,0,0,0
exp8,qwen3_next_80b,normal,0.0,0,32,role,strong,1,unrelated,120,101,84.17,76.59,89.62,19,0,6,101,100.0,60,59,1,0,0
exp8,qwen3_next_80b,normal,0.0,0,32,role,decoy,1,unrelated,120,0,0.0,0.0,3.1,120,0,0,0,,60,59,1,0,0
