model,context_k,level,group,made_up_riker,made_up_ours,n,rate_riker,wilson_lo,wilson_hi,in_balanced_panel
deepseek_v3,32,L11,present,0,0,2467,0.0,0.0,0.0016,False
deepseek_v3,32,L12,none,0,0,2726,0.0,0.0,0.0014,False
deepseek_v3,32,L12,present,0,0,551,0.0,0.0,0.0069,False
deepseek_v3,128,L11,present,0,0,2875,0.0,0.0,0.0013,False
deepseek_v3,128,L12,none,0,0,1593,0.0,0.0,0.0024,False
deepseek_v3,128,L12,present,0,0,328,0.0,0.0,0.0116,False
deepseek_v3_1,32,L11,present,0,0,2873,0.0,0.0,0.0013,False
deepseek_v3_1,32,L12,none,0,0,2524,0.0,0.0,0.0015,False
deepseek_v3_1,32,L12,present,0,0,903,0.0,0.0,0.0042,False
deepseek_v3_1,128,L11,present,0,0,4804,0.0,0.0,0.0008,False
deepseek_v3_1,128,L12,none,0,0,3323,0.0,0.0,0.0012,False
deepseek_v3_1,128,L12,present,0,0,1024,0.0,0.0,0.0037,False
glm_4_5,32,L11,present,0,0,5953,0.0,0.0,0.0006,False
glm_4_5,32,L12,none,0,0,4314,0.0,0.0,0.0009,False
glm_4_5,32,L12,present,0,0,1595,0.0,0.0,0.0024,False
glm_4_5,128,L11,present,0,0,8455,0.0,0.0,0.0005,False
glm_4_5,128,L12,none,0,0,5953,0.0,0.0,0.0006,False
glm_4_5,128,L12,present,0,0,1712,0.0,0.0,0.0022,False
glm_4_5_air,32,L11,present,0,0,4909,0.0,0.0,0.0008,False
glm_4_5_air,32,L12,none,0,0,3330,0.0,0.0,0.0012,False
glm_4_5_air,32,L12,present,0,0,1283,0.0,0.0,0.003,False
glm_4_5_air,128,L11,present,0,0,7870,0.0,0.0,0.0005,False
glm_4_5_air,128,L12,none,0,0,3918,0.0,0.0,0.001,False
glm_4_5_air,128,L12,present,0,0,1815,0.0,0.0,0.0021,False
glm_4_6,32,L11,present,0,0,5685,0.0,0.0,0.0007,True
glm_4_6,32,L12,none,0,0,4169,0.0,0.0,0.0009,True
glm_4_6,32,L12,present,0,0,1170,0.0,0.0,0.0033,True
glm_4_6,128,L11,present,0,0,8158,0.0,0.0,0.0005,True
glm_4_6,128,L12,none,0,0,5329,0.0,0.0,0.0007,True
glm_4_6,128,L12,present,0,0,1063,0.0,0.0,0.0036,True
glm_4_6,200,L11,present,0,0,2653,0.0,0.0,0.0014,True
glm_4_6,200,L12,none,0,0,2225,0.0,0.0,0.0017,True
glm_4_6,200,L12,present,0,0,1515,0.0,0.0,0.0025,True
glm_4_7,32,L11,present,0,0,4037,0.0,0.0,0.001,True
glm_4_7,32,L12,none,0,0,3954,0.0,0.0,0.001,True
glm_4_7,32,L12,present,0,0,941,0.0,0.0,0.0041,True
glm_4_7,128,L11,present,0,0,5871,0.0,0.0,0.0007,True
glm_4_7,128,L12,none,0,0,4816,0.0,0.0,0.0008,True
glm_4_7,128,L12,present,0,0,1474,0.0,0.0,0.0026,True
glm_4_7,200,L11,present,0,0,3602,0.0,0.0,0.0011,True
glm_4_7,200,L12,none,0,0,4014,0.0,0.0,0.001,True
glm_4_7,200,L12,present,0,0,951,0.0,0.0,0.004,True
granite_4_0_h_micro,32,L11,present,0,0,868,0.0,0.0,0.0044,False
granite_4_0_h_micro,32,L12,none,0,0,903,0.0,0.0,0.0042,False
granite_4_0_h_micro,32,L12,present,0,0,89,0.0,0.0,0.0414,False
granite_4_0_h_micro,128,L11,present,0,0,1157,0.0,0.0,0.0033,False
granite_4_0_h_micro,128,L12,none,0,0,1218,0.0,0.0,0.0031,False
granite_4_0_h_micro,128,L12,present,0,0,336,0.0,0.0,0.0113,False
granite_4_0_h_small,32,L11,present,0,0,1060,0.0,0.0,0.0036,False
granite_4_0_h_small,32,L12,none,0,0,959,0.0,0.0,0.004,False
granite_4_0_h_small,32,L12,present,0,0,212,0.0,0.0,0.0178,False
granite_4_0_h_small,128,L11,present,0,0,1743,0.0,0.0,0.0022,False
granite_4_0_h_small,128,L12,none,0,0,1313,0.0,0.0,0.0029,False
granite_4_0_h_small,128,L12,present,0,0,550,0.0,0.0,0.0069,False
granite_4_0_h_tiny,32,L11,present,0,0,674,0.0,0.0,0.0057,False
granite_4_0_h_tiny,32,L12,none,0,0,105,0.0,0.0,0.0353,False
granite_4_0_h_tiny,32,L12,present,0,0,25,0.0,0.0,0.1332,False
granite_4_0_h_tiny,128,L11,present,0,0,710,0.0,0.0,0.0054,False
granite_4_0_h_tiny,128,L12,none,0,0,46,0.0,0.0,0.0771,False
granite_4_0_h_tiny,128,L12,present,0,0,34,0.0,0.0,0.1015,False
llama_3_1_405b_instruct,32,L11,present,0,0,1053,0.0,0.0,0.0036,False
llama_3_1_405b_instruct,32,L12,none,0,0,882,0.0,0.0,0.0043,False
llama_3_1_405b_instruct,32,L12,present,0,0,315,0.0,0.0,0.012,False
llama_3_1_405b_instruct,128,L11,present,0,0,2149,0.0,0.0,0.0018,False
llama_3_1_405b_instruct,128,L12,none,0,0,1088,0.0,0.0,0.0035,False
llama_3_1_405b_instruct,128,L12,present,0,0,491,0.0,0.0,0.0078,False
llama_3_1_70b_instruct,32,L11,present,0,0,1575,0.0,0.0,0.0024,False
llama_3_1_70b_instruct,32,L12,none,0,0,734,0.0,0.0,0.0052,False
llama_3_1_70b_instruct,32,L12,present,0,0,39,0.0,0.0,0.0897,False
llama_3_1_70b_instruct,128,L11,present,0,0,2059,0.0,0.0,0.0019,False
llama_3_1_70b_instruct,128,L12,none,0,0,453,0.0,0.0,0.0084,False
llama_3_1_70b_instruct,128,L12,present,0,0,253,0.0,0.0,0.015,False
llama_3_1_8b_instruct,32,L11,present,0,0,1366,0.0,0.0,0.0028,False
llama_3_1_8b_instruct,32,L12,none,0,0,516,0.0,0.0,0.0074,False
llama_3_1_8b_instruct,32,L12,present,0,0,306,0.0,0.0,0.0124,False
llama_3_1_8b_instruct,128,L11,present,0,0,2734,0.0,0.0,0.0014,False
llama_3_1_8b_instruct,128,L12,none,0,0,1045,0.0,0.0,0.0037,False
llama_3_1_8b_instruct,128,L12,present,0,0,439,0.0,0.0,0.0087,False
llama_3_2_1b_instruct,32,L11,present,0,0,523,0.0,0.0,0.0073,False
llama_3_2_1b_instruct,32,L12,none,0,0,824,0.0,0.0,0.0046,False
llama_3_2_1b_instruct,32,L12,present,0,0,214,0.0,0.0,0.0176,False
llama_3_2_1b_instruct,128,L11,present,0,0,1455,0.0,0.0,0.0026,False
llama_3_2_1b_instruct,128,L12,none,0,0,2398,0.0,0.0,0.0016,False
llama_3_2_1b_instruct,128,L12,present,0,0,680,0.0,0.0,0.0056,False
llama_3_2_3b_instruct,32,L11,present,0,0,1488,0.0,0.0,0.0026,False
llama_3_2_3b_instruct,32,L12,none,0,0,796,0.0,0.0,0.0048,False
llama_3_2_3b_instruct,32,L12,present,0,0,304,0.0,0.0,0.0125,False
llama_3_2_3b_instruct,128,L11,present,0,0,1112,0.0,0.0,0.0034,False
llama_3_2_3b_instruct,128,L12,none,0,0,1281,0.0,0.0,0.003,False
llama_3_2_3b_instruct,128,L12,present,0,0,582,0.0,0.0,0.0066,False
llama_3_3_70b_instruct,32,L11,present,0,0,1992,0.0,0.0,0.0019,False
llama_3_3_70b_instruct,32,L12,none,0,0,794,0.0,0.0,0.0048,False
llama_3_3_70b_instruct,32,L12,present,0,0,72,0.0,0.0,0.0507,False
llama_3_3_70b_instruct,128,L11,present,0,0,2602,0.0,0.0,0.0015,False
llama_3_3_70b_instruct,128,L12,none,0,0,472,0.0,0.0,0.0081,False
llama_3_3_70b_instruct,128,L12,present,0,0,167,0.0,0.0,0.0225,False
llama_4_maverick_17b_128e_instruct,32,L11,present,0,0,1328,0.0,0.0,0.0029,True
llama_4_maverick_17b_128e_instruct,32,L12,none,0,0,1320,0.0,0.0,0.0029,True
llama_4_maverick_17b_128e_instruct,32,L12,present,0,0,210,0.0,0.0,0.018,True
llama_4_maverick_17b_128e_instruct,128,L11,present,0,0,2108,0.0,0.0,0.0018,True
llama_4_maverick_17b_128e_instruct,128,L12,none,0,0,1223,0.0,0.0,0.0031,True
llama_4_maverick_17b_128e_instruct,128,L12,present,0,0,120,0.0,0.0,0.031,True
llama_4_maverick_17b_128e_instruct,200,L11,present,0,0,2563,0.0,0.0,0.0015,True
llama_4_maverick_17b_128e_instruct,200,L12,none,0,0,1429,0.0,0.0,0.0027,True
llama_4_maverick_17b_128e_instruct,200,L12,present,0,0,134,0.0,0.0,0.0279,True
llama_4_scout_17b_16e_instruct,32,L11,present,0,0,897,0.0,0.0,0.0043,True
llama_4_scout_17b_16e_instruct,32,L12,none,0,0,759,0.0,0.0,0.005,True
llama_4_scout_17b_16e_instruct,32,L12,present,0,0,476,0.0,0.0,0.008,True
llama_4_scout_17b_16e_instruct,128,L11,present,0,0,1382,0.0,0.0,0.0028,True
llama_4_scout_17b_16e_instruct,128,L12,none,0,0,824,0.0,0.0,0.0046,True
llama_4_scout_17b_16e_instruct,128,L12,present,0,0,487,0.0,0.0,0.0078,True
llama_4_scout_17b_16e_instruct,200,L11,present,0,0,1599,0.0,0.0,0.0024,True
llama_4_scout_17b_16e_instruct,200,L12,none,0,0,1177,0.0,0.0,0.0033,True
llama_4_scout_17b_16e_instruct,200,L12,present,0,0,678,0.0,0.0,0.0056,True
minimax_m2,32,L11,present,0,0,3534,0.0,0.0,0.0011,False
minimax_m2,32,L12,none,0,0,2818,0.0,0.0,0.0014,False
minimax_m2,32,L12,present,0,0,992,0.0,0.0,0.0039,False
minimax_m2,128,L11,present,0,0,5151,0.0,0.0,0.0007,False
minimax_m2,128,L12,none,0,0,3868,0.0,0.0,0.001,False
minimax_m2,128,L12,present,0,0,1302,0.0,0.0,0.0029,False
minimax_m2_1,32,L11,present,0,0,3764,0.0,0.0,0.001,False
minimax_m2_1,32,L12,none,0,0,2752,0.0,0.0,0.0014,False
minimax_m2_1,32,L12,present,0,0,1022,0.0,0.0,0.0037,False
minimax_m2_1,128,L11,present,0,0,3342,0.0,0.0,0.0011,False
minimax_m2_1,128,L12,none,0,0,2488,0.0,0.0,0.0015,False
minimax_m2_1,128,L12,present,0,0,834,0.0,0.0,0.0046,False
qwen2_5_14b_instruct,32,L11,present,0,0,1931,0.0,0.0,0.002,False
qwen2_5_14b_instruct,32,L12,none,0,0,1599,0.0,0.0,0.0024,False
qwen2_5_14b_instruct,32,L12,present,0,0,204,0.0,0.0,0.0185,False
qwen2_5_32b_instruct,32,L11,present,0,0,2061,0.0,0.0,0.0019,False
qwen2_5_32b_instruct,32,L12,none,0,0,1465,0.0,0.0,0.0026,False
qwen2_5_32b_instruct,32,L12,present,0,0,398,0.0,0.0,0.0096,False
qwen2_5_72b_instruct,32,L11,present,0,0,1903,0.0,0.0,0.002,False
qwen2_5_72b_instruct,32,L12,none,0,0,1556,0.0,0.0,0.0025,False
qwen2_5_72b_instruct,32,L12,present,0,0,353,0.0,0.0,0.0108,False
qwen2_5_coder_14b_instruct,32,L11,present,0,0,2072,0.0,0.0,0.0019,False
qwen2_5_coder_14b_instruct,32,L12,none,0,0,1351,0.0,0.0,0.0028,False
qwen2_5_coder_14b_instruct,32,L12,present,0,0,240,0.0,0.0,0.0158,False
qwen2_5_coder_7b_instruct,32,L11,present,0,0,1767,0.0,0.0,0.0022,False
qwen2_5_coder_7b_instruct,32,L12,none,0,0,694,0.0,0.0,0.0055,False
qwen2_5_coder_7b_instruct,32,L12,present,0,0,236,0.0,0.0,0.016,False
qwen3_14b,32,L11,present,0,0,2500,0.0,0.0,0.0015,False
qwen3_14b,32,L12,none,0,0,1254,0.0,0.0,0.0031,False
qwen3_14b,32,L12,present,0,0,200,0.0,0.0,0.0188,False
qwen3_235b_a22b_instruct_2507,32,L11,present,0,0,4159,0.0,0.0,0.0009,True
qwen3_235b_a22b_instruct_2507,32,L12,none,0,0,3396,0.0,0.0,0.0011,True
qwen3_235b_a22b_instruct_2507,32,L12,present,0,0,1168,0.0,0.0,0.0033,True
qwen3_235b_a22b_instruct_2507,128,L11,present,0,0,6408,0.0,0.0,0.0006,True
qwen3_235b_a22b_instruct_2507,128,L12,none,0,0,3242,0.0,0.0,0.0012,True
qwen3_235b_a22b_instruct_2507,128,L12,present,0,0,1202,0.0,0.0,0.0032,True
qwen3_235b_a22b_instruct_2507,200,L11,present,0,0,8084,0.0,0.0,0.0005,True
qwen3_235b_a22b_instruct_2507,200,L12,none,0,0,2984,0.0,0.0,0.0013,True
qwen3_235b_a22b_instruct_2507,200,L12,present,0,0,1217,0.0,0.0,0.0031,True
qwen3_235b_a22b_instruct_2507_fp8,32,L11,present,0,0,3974,0.0,0.0,0.001,True
qwen3_235b_a22b_instruct_2507_fp8,32,L12,none,0,0,3228,0.0,0.0,0.0012,True
qwen3_235b_a22b_instruct_2507_fp8,32,L12,present,0,0,1152,0.0,0.0,0.0033,True
qwen3_235b_a22b_instruct_2507_fp8,128,L11,present,0,0,7141,0.0,0.0,0.0005,True
qwen3_235b_a22b_instruct_2507_fp8,128,L12,none,0,0,3546,0.0,0.0,0.0011,True
qwen3_235b_a22b_instruct_2507_fp8,128,L12,present,0,0,1326,0.0,0.0,0.0029,True
qwen3_235b_a22b_instruct_2507_fp8,200,L11,present,0,0,9081,0.0,0.0,0.0004,True
qwen3_235b_a22b_instruct_2507_fp8,200,L12,none,0,0,3067,0.0,0.0,0.0013,True
qwen3_235b_a22b_instruct_2507_fp8,200,L12,present,0,0,1317,0.0,0.0,0.0029,True
qwen3_30b_a3b_instruct_2507,32,L11,present,0,0,1622,0.0,0.0,0.0024,True
qwen3_30b_a3b_instruct_2507,32,L12,none,0,0,1160,0.0,0.0,0.0033,True
qwen3_30b_a3b_instruct_2507,32,L12,present,0,0,261,0.0,0.0,0.0145,True
qwen3_30b_a3b_instruct_2507,128,L11,present,0,0,2699,0.0,0.0,0.0014,True
qwen3_30b_a3b_instruct_2507,128,L12,none,0,0,1280,0.0,0.0,0.003,True
qwen3_30b_a3b_instruct_2507,128,L12,present,0,0,456,0.0,0.0,0.0084,True
qwen3_30b_a3b_instruct_2507,200,L11,present,0,0,3570,0.0,0.0,0.0011,True
qwen3_30b_a3b_instruct_2507,200,L12,none,0,0,1264,0.0,0.0,0.003,True
qwen3_30b_a3b_instruct_2507,200,L12,present,0,0,429,0.0,0.0,0.0089,True
qwen3_32b,32,L11,present,0,0,1603,0.0,0.0,0.0024,False
qwen3_32b,32,L12,none,0,0,1250,0.0,0.0,0.0031,False
qwen3_32b,32,L12,present,0,0,297,0.0,0.0,0.0128,False
qwen3_4b,32,L11,present,0,0,1315,0.0,0.0,0.0029,False
qwen3_4b,32,L12,none,0,0,725,0.0,0.0,0.0053,False
qwen3_4b,32,L12,present,0,0,63,0.0,0.0,0.0575,False
qwen3_4b_instruct_2507,32,L11,present,0,0,2097,0.0,0.0,0.0018,True
qwen3_4b_instruct_2507,32,L12,none,0,0,1498,0.0,0.0,0.0026,True
qwen3_4b_instruct_2507,32,L12,present,0,0,119,0.0,0.0,0.0313,True
qwen3_4b_instruct_2507,128,L11,present,0,0,3161,0.0,0.0,0.0012,True
qwen3_4b_instruct_2507,128,L12,none,0,0,1188,0.0,0.0,0.0032,True
qwen3_4b_instruct_2507,128,L12,present,0,0,573,0.0,0.0,0.0067,True
qwen3_4b_instruct_2507,200,L11,present,0,0,3517,0.0,0.0,0.0011,True
qwen3_4b_instruct_2507,200,L12,none,0,0,2316,0.0,0.0,0.0017,True
qwen3_4b_instruct_2507,200,L12,present,0,0,532,0.0,0.0,0.0072,True
qwen3_8b,32,L11,present,0,0,2233,0.0,0.0,0.0017,False
qwen3_8b,32,L12,none,0,0,1092,0.0,0.0,0.0035,False
qwen3_8b,32,L12,present,0,0,277,0.0,0.0,0.0137,False
qwen3_coder_30b_a3b_instruct,32,L11,present,0,0,1565,0.0,0.0,0.0024,True
qwen3_coder_30b_a3b_instruct,32,L12,none,0,0,1260,0.0,0.0,0.003,True
qwen3_coder_30b_a3b_instruct,32,L12,present,0,0,69,0.0,0.0,0.0527,True
qwen3_coder_30b_a3b_instruct,128,L11,present,0,0,2486,0.0,0.0,0.0015,True
qwen3_coder_30b_a3b_instruct,128,L12,none,0,0,1032,0.0,0.0,0.0037,True
qwen3_coder_30b_a3b_instruct,128,L12,present,0,0,339,0.0,0.0,0.0112,True
qwen3_coder_30b_a3b_instruct,200,L11,present,0,0,3968,0.0,0.0,0.001,True
qwen3_coder_30b_a3b_instruct,200,L12,none,0,0,1398,0.0,0.0,0.0027,True
qwen3_coder_30b_a3b_instruct,200,L12,present,0,0,318,0.0,0.0,0.0119,True
qwen3_coder_480b_a35b_instruct,32,L11,present,0,0,4176,0.0,0.0,0.0009,True
qwen3_coder_480b_a35b_instruct,32,L12,none,0,0,2872,0.0,0.0,0.0013,True
qwen3_coder_480b_a35b_instruct,32,L12,present,0,0,705,0.0,0.0,0.0054,True
qwen3_coder_480b_a35b_instruct,128,L11,present,0,0,6087,0.0,0.0,0.0006,True
qwen3_coder_480b_a35b_instruct,128,L12,none,0,0,3039,0.0,0.0,0.0013,True
qwen3_coder_480b_a35b_instruct,128,L12,present,0,0,1197,0.0,0.0,0.0032,True
qwen3_coder_480b_a35b_instruct,200,L11,present,0,0,7963,0.0,0.0,0.0005,True
qwen3_coder_480b_a35b_instruct,200,L12,none,0,0,2868,0.0,0.0,0.0013,True
qwen3_coder_480b_a35b_instruct,200,L12,present,0,0,1163,0.0,0.0,0.0033,True
qwen3_next_80b_a3b_instruct,32,L11,present,0,0,1838,0.0,0.0,0.0021,True
qwen3_next_80b_a3b_instruct,32,L12,none,0,0,1380,0.0,0.0,0.0028,True
qwen3_next_80b_a3b_instruct,32,L12,present,0,0,511,0.0,0.0,0.0075,True
qwen3_next_80b_a3b_instruct,128,L11,present,0,0,2733,0.0,0.0,0.0014,True
qwen3_next_80b_a3b_instruct,128,L12,none,0,0,1830,0.0,0.0,0.0021,True
qwen3_next_80b_a3b_instruct,128,L12,present,0,0,700,0.0,0.0,0.0055,True
qwen3_next_80b_a3b_instruct,200,L11,present,0,0,3467,0.0,0.0,0.0011,True
qwen3_next_80b_a3b_instruct,200,L12,none,0,0,2310,0.0,0.0,0.0017,True
qwen3_next_80b_a3b_instruct,200,L12,present,0,0,792,0.0,0.0,0.0048,True
