context_k,question_id,level,doc_type,lookalike_present,best_kind,n_lookalikes,answers,made_up,rate
32,field_report_L11_T15_0001,L11,field_report,True,other_party,1,981,0,0.0
32,field_report_L11_T15_0002,L11,field_report,True,other_party,1,945,0,0.0
32,field_report_L11_T15_0003,L11,field_report,True,other_party,1,951,0,0.0
32,field_report_L11_T15_0004,L11,field_report,True,other_party,1,843,0,0.0
32,field_report_L11_T15_0005,L11,field_report,True,other_party,1,1545,0,0.0
32,field_report_L11_T15_0006,L11,field_report,True,other_party,1,830,0,0.0
32,field_report_L11_T15_0007,L11,field_report,True,other_party,1,1287,0,0.0
32,field_report_L11_T15_0008,L11,field_report,True,other_party,1,796,0,0.0
32,field_report_L11_T15_0009,L11,field_report,True,other_party,1,1370,0,0.0
32,field_report_L11_T15_0010,L11,field_report,True,other_party,1,1350,0,0.0
32,field_report_L11_T15_0011,L11,field_report,True,other_party,1,1159,0,0.0
32,field_report_L11_T15_0012,L11,field_report,True,other_party,1,961,0,0.0
32,field_report_L11_T15_0013,L11,field_report,True,other_party,1,939,0,0.0
32,field_report_L11_T15_0014,L11,field_report,True,other_party,1,1521,0,0.0
32,field_report_L11_T15_0015,L11,field_report,True,other_party,1,791,0,0.0
32,field_report_L12_T15_0001,L12,field_report,False,,0,1309,0,0.0
32,field_report_L12_T15_0002,L12,field_report,False,,0,1593,0,0.0
32,field_report_L12_T15_0003,L12,field_report,True,other_party,1,968,0,0.0
32,field_report_L12_T15_0004,L12,field_report,False,,0,764,0,0.0
32,field_report_L12_T15_0005,L12,field_report,False,,0,1234,0,0.0
32,field_report_L12_T15_0006,L12,field_report,False,,0,1331,0,0.0
32,field_report_L12_T15_0007,L12,field_report,False,,0,1264,0,0.0
32,field_report_L12_T15_0008,L12,field_report,False,,0,1125,0,0.0
32,field_report_L12_T15_0009,L12,field_report,False,,0,1230,0,0.0
32,field_report_L12_T15_0010,L12,field_report,False,,0,838,0,0.0
32,field_report_L12_T15_0011,L12,field_report,False,,0,1575,0,0.0
32,field_report_L12_T15_0012,L12,field_report,False,,0,841,0,0.0
32,field_report_L12_T15_0013,L12,field_report,True,other_date,1,1372,0,0.0
32,field_report_L12_T15_0014,L12,field_report,False,,0,1342,0,0.0
32,field_report_L12_T15_0015,L12,field_report,False,,0,1355,0,0.0
32,hr_L11_T01_0001,L11,hr,True,shared_name,2,1240,0,0.0
32,hr_L11_T01_0002,L11,hr,True,shared_name,2,1420,0,0.0
32,hr_L11_T01_0003,L11,hr,True,shared_name,2,1379,0,0.0
32,hr_L11_T01_0004,L11,hr,True,shared_name,2,1451,0,0.0
32,hr_L11_T01_0005,L11,hr,True,shared_name,2,1398,0,0.0
32,hr_L11_T01_0006,L11,hr,True,shared_name,2,1363,0,0.0
32,hr_L11_T01_0007,L11,hr,True,shared_name,2,1279,0,0.0
32,hr_L11_T01_0008,L11,hr,True,shared_name,2,1435,0,0.0
32,hr_L11_T01_0009,L11,hr,True,shared_name,2,1315,0,0.0
32,hr_L11_T01_0010,L11,hr,True,shared_name,2,1295,0,0.0
32,hr_L11_T01_0011,L11,hr,True,shared_name,2,1042,0,0.0
32,hr_L11_T01_0012,L11,hr,True,shared_name,2,1617,0,0.0
32,hr_L11_T01_0013,L11,hr,True,shared_name,2,1467,0,0.0
32,hr_L11_T01_0014,L11,hr,True,shared_name,2,1484,0,0.0
32,hr_L11_T01_0015,L11,hr,True,shared_name,2,1396,0,0.0
32,hr_L12_T03_0001,L12,hr,True,other_date,1,961,0,0.0
32,hr_L12_T03_0002,L12,hr,True,other_date,1,1044,0,0.0
32,hr_L12_T03_0003,L12,hr,True,other_date,1,1196,0,0.0
32,hr_L12_T03_0004,L12,hr,True,other_date,1,1092,0,0.0
32,hr_L12_T03_0005,L12,hr,True,other_date,1,1067,0,0.0
32,hr_L12_T03_0006,L12,hr,True,other_date,1,1075,0,0.0
32,hr_L12_T03_0007,L12,hr,True,other_date,1,1102,0,0.0
32,hr_L12_T03_0008,L12,hr,True,other_date,1,794,0,0.0
32,hr_L12_T03_0009,L12,hr,True,other_date,1,795,0,0.0
32,hr_L12_T03_0010,L12,hr,True,other_date,2,801,0,0.0
32,hr_L12_T03_0011,L12,hr,True,other_date,1,865,0,0.0
32,hr_L12_T03_0012,L12,hr,True,other_date,2,940,0,0.0
32,hr_L12_T03_0013,L12,hr,True,other_date,2,853,0,0.0
32,hr_L12_T03_0014,L12,hr,True,other_date,1,1098,0,0.0
32,hr_L12_T03_0015,L12,hr,True,other_date,3,949,0,0.0
32,lease_document_L11_T11_0001,L11,lease_document,True,other_party,1,1407,0,0.0
32,lease_document_L11_T11_0002,L11,lease_document,True,other_party,1,1507,0,0.0
32,lease_document_L11_T12_0001,L11,lease_document,True,other_party,1,1521,0,0.0
32,lease_document_L11_T13_0001,L11,lease_document,True,other_party,1,1384,0,0.0
32,lease_document_L11_T14_0001,L11,lease_document,True,other_party,1,1516,0,0.0
32,lease_document_L11_T21_0001,L11,lease_document,True,other_party,1,1619,0,0.0
32,lease_document_L11_T21_0002,L11,lease_document,True,other_party,1,1471,0,0.0
32,lease_document_L11_T22_0001,L11,lease_document,True,other_party,1,1538,0,0.0
32,lease_document_L11_T22_0002,L11,lease_document,True,other_party,1,1302,0,0.0
32,lease_document_L11_T22_0003,L11,lease_document,True,other_party,1,1399,0,0.0
32,lease_document_L11_T22_0004,L11,lease_document,True,other_party,1,1484,0,0.0
32,lease_document_L11_T23_0001,L11,lease_document,True,other_party,1,1420,0,0.0
32,lease_document_L11_T24_0001,L11,lease_document,True,other_party,1,1482,0,0.0
32,lease_document_L11_T24_0002,L11,lease_document,True,other_party,1,1519,0,0.0
32,lease_document_L11_T25_0001,L11,lease_document,True,other_party,1,1465,0,0.0
32,lease_document_L11_T25_0002,L11,lease_document,True,other_party,1,1366,0,0.0
32,lease_document_L11_T25_0003,L11,lease_document,True,other_party,1,1522,0,0.0
32,lease_document_L11_T25_0004,L11,lease_document,True,other_party,1,1396,0,0.0
32,lease_document_L11_T26_0001,L11,lease_document,True,other_party,1,1490,0,0.0
32,lease_document_L11_T27_0001,L11,lease_document,True,other_party,1,1621,0,0.0
32,lease_document_L11_T27_0002,L11,lease_document,True,other_party,1,1608,0,0.0
32,lease_document_L11_T27_0003,L11,lease_document,True,other_party,1,1643,0,0.0
32,lease_document_L11_T27_0004,L11,lease_document,True,other_party,1,1619,0,0.0
32,lease_document_L11_T28_0001,L11,lease_document,True,other_party,1,1123,0,0.0
32,lease_document_L11_T28_0002,L11,lease_document,True,other_party,1,1421,0,0.0
32,lease_document_L11_T28_0003,L11,lease_document,True,other_party,1,1307,0,0.0
32,lease_document_L11_T29_0001,L11,lease_document,True,other_party,1,1301,0,0.0
32,lease_document_L11_T29_0002,L11,lease_document,True,other_party,1,1391,0,0.0
32,lease_document_L11_T30_0001,L11,lease_document,True,other_party,1,1147,0,0.0
32,lease_document_L11_T31_0001,L11,lease_document,True,other_party,1,1271,0,0.0
32,lease_document_L11_T31_0002,L11,lease_document,True,other_party,1,832,0,0.0
32,lease_document_L11_T31_0003,L11,lease_document,True,other_party,1,1033,0,0.0
32,lease_document_L11_T31_0004,L11,lease_document,True,other_party,1,887,0,0.0
32,lease_document_L12_T31_0001,L12,lease_document,False,,0,1552,0,0.0
32,lease_document_L12_T31_0002,L12,lease_document,False,,0,1419,0,0.0
32,lease_document_L12_T31_0003,L12,lease_document,False,,0,1391,0,0.0
32,lease_document_L12_T31_0004,L12,lease_document,False,,0,1505,0,0.0
32,lease_document_L12_T32_0001,L12,lease_document,False,,0,1532,0,0.0
32,lease_document_L12_T32_0002,L12,lease_document,False,,0,1556,0,0.0
32,lease_document_L12_T32_0003,L12,lease_document,False,,0,1408,0,0.0
32,lease_document_L12_T32_0004,L12,lease_document,False,,0,1494,0,0.0
32,lease_document_L12_T32_0005,L12,lease_document,False,,0,1276,0,0.0
32,lease_document_L12_T33_0001,L12,lease_document,False,,0,978,0,0.0
32,lease_document_L12_T33_0002,L12,lease_document,False,,0,1308,0,0.0
32,lease_document_L12_T33_0003,L12,lease_document,False,,0,1239,0,0.0
32,lease_document_L12_T34_0001,L12,lease_document,False,,0,1360,0,0.0
32,lease_document_L12_T34_0002,L12,lease_document,False,,0,1473,0,0.0
32,lease_document_L12_T34_0003,L12,lease_document,False,,0,1056,0,0.0
32,lease_document_L12_T35_0001,L12,lease_document,False,,0,1578,0,0.0
32,lease_document_L12_T35_0002,L12,lease_document,False,,0,1655,0,0.0
32,lease_document_L12_T35_0003,L12,lease_document,False,,0,1513,0,0.0
32,lease_document_L12_T35_0004,L12,lease_document,False,,0,1579,0,0.0
32,lease_document_L12_T35_0005,L12,lease_document,False,,0,1461,0,0.0
32,lease_document_L12_T35_0006,L12,lease_document,False,,0,1515,0,0.0
32,lease_document_L12_T35_0007,L12,lease_document,False,,0,952,0,0.0
32,lease_document_L12_T36_0001,L12,lease_document,False,,0,1450,0,0.0
32,lease_document_L12_T36_0002,L12,lease_document,False,,0,1587,0,0.0
32,lease_document_L12_T36_0003,L12,lease_document,False,,0,1556,0,0.0
32,lease_document_L12_T36_0004,L12,lease_document,False,,0,1519,0,0.0
32,lease_document_L12_T36_0005,L12,lease_document,False,,0,1450,0,0.0
32,lease_document_L12_T36_0006,L12,lease_document,False,,0,799,0,0.0
32,lease_document_L12_T36_0007,L12,lease_document,False,,0,1380,0,0.0
32,lease_document_L12_T37_0001,L12,lease_document,False,,0,1393,0,0.0
32,lease_document_L12_T37_0002,L12,lease_document,False,,0,1363,0,0.0
32,lease_document_L12_T37_0003,L12,lease_document,False,,0,877,0,0.0
32,lease_document_L12_T37_0004,L12,lease_document,False,,0,984,0,0.0
128,field_report_L11_T15_0001,L11,field_report,True,other_party,1,896,0,0.0
128,field_report_L11_T15_0002,L11,field_report,True,other_party,1,853,0,0.0
128,field_report_L11_T15_0003,L11,field_report,True,other_party,1,843,0,0.0
128,field_report_L11_T15_0004,L11,field_report,True,other_party,1,774,0,0.0
128,field_report_L11_T15_0005,L11,field_report,True,other_party,1,969,0,0.0
128,field_report_L11_T15_0006,L11,field_report,True,other_party,1,834,0,0.0
128,field_report_L11_T15_0007,L11,field_report,True,other_party,1,1056,0,0.0
128,field_report_L11_T15_0008,L11,field_report,True,other_party,1,896,0,0.0
128,field_report_L11_T15_0009,L11,field_report,True,other_party,1,1009,0,0.0
128,field_report_L11_T15_0010,L11,field_report,True,other_party,1,760,0,0.0
128,field_report_L11_T15_0011,L11,field_report,True,other_party,1,855,0,0.0
128,field_report_L11_T15_0012,L11,field_report,True,other_party,1,935,0,0.0
128,field_report_L11_T15_0013,L11,field_report,True,other_party,1,891,0,0.0
128,field_report_L11_T15_0014,L11,field_report,True,other_party,1,1161,0,0.0
128,field_report_L11_T15_0015,L11,field_report,True,other_party,1,1178,0,0.0
128,field_report_L11_T15_0016,L11,field_report,True,other_party,1,988,0,0.0
128,field_report_L11_T15_0017,L11,field_report,True,other_party,1,691,0,0.0
128,field_report_L11_T15_0018,L11,field_report,True,other_party,1,1218,0,0.0
128,field_report_L11_T15_0019,L11,field_report,True,other_party,1,873,0,0.0
128,field_report_L11_T15_0020,L11,field_report,True,other_party,1,959,0,0.0
128,field_report_L12_T15_0001,L12,field_report,True,other_date,1,1189,0,0.0
128,field_report_L12_T15_0002,L12,field_report,False,,0,1090,0,0.0
128,field_report_L12_T15_0003,L12,field_report,True,other_date,1,972,0,0.0
128,field_report_L12_T15_0004,L12,field_report,False,,0,763,0,0.0
128,field_report_L12_T15_0005,L12,field_report,False,,0,1055,0,0.0
128,field_report_L12_T15_0006,L12,field_report,False,,0,1039,0,0.0
128,field_report_L12_T15_0007,L12,field_report,True,other_date,1,936,0,0.0
128,field_report_L12_T15_0008,L12,field_report,False,,0,585,0,0.0
128,field_report_L12_T15_0009,L12,field_report,False,,0,675,0,0.0
128,field_report_L12_T15_0010,L12,field_report,False,,0,1158,0,0.0
128,field_report_L12_T15_0011,L12,field_report,True,other_date,1,808,0,0.0
128,field_report_L12_T15_0012,L12,field_report,False,,0,831,0,0.0
128,field_report_L12_T15_0013,L12,field_report,False,,0,995,0,0.0
128,field_report_L12_T15_0014,L12,field_report,True,other_date,1,701,0,0.0
128,field_report_L12_T15_0015,L12,field_report,False,,0,1020,0,0.0
128,field_report_L12_T15_0016,L12,field_report,True,other_date,1,1033,0,0.0
128,field_report_L12_T15_0017,L12,field_report,False,,0,800,0,0.0
128,field_report_L12_T15_0018,L12,field_report,False,,0,1279,0,0.0
128,field_report_L12_T15_0019,L12,field_report,False,,0,883,0,0.0
128,field_report_L12_T15_0020,L12,field_report,False,,0,887,0,0.0
128,hr_L11_T01_0001,L11,hr,True,shared_name,2,1248,0,0.0
128,hr_L11_T01_0002,L11,hr,True,shared_name,2,1237,0,0.0
128,hr_L11_T01_0003,L11,hr,True,shared_name,2,1118,0,0.0
128,hr_L11_T01_0004,L11,hr,True,shared_name,2,1112,0,0.0
128,hr_L11_T01_0005,L11,hr,True,shared_name,2,1129,0,0.0
128,hr_L11_T01_0006,L11,hr,True,shared_name,2,959,0,0.0
128,hr_L11_T01_0007,L11,hr,True,shared_name,2,967,0,0.0
128,hr_L11_T01_0008,L11,hr,True,shared_name,2,1019,0,0.0
128,hr_L11_T01_0009,L11,hr,True,shared_name,2,1149,0,0.0
128,hr_L11_T01_0010,L11,hr,True,shared_name,2,1147,0,0.0
128,hr_L11_T01_0011,L11,hr,True,shared_name,2,972,0,0.0
128,hr_L11_T01_0012,L11,hr,True,shared_name,2,1168,0,0.0
128,hr_L11_T01_0013,L11,hr,True,shared_name,2,984,0,0.0
128,hr_L11_T01_0014,L11,hr,True,shared_name,2,1149,0,0.0
128,hr_L11_T01_0015,L11,hr,True,shared_name,2,1105,0,0.0
128,hr_L11_T01_0016,L11,hr,True,shared_name,2,1128,0,0.0
128,hr_L11_T01_0017,L11,hr,True,shared_name,2,1189,0,0.0
128,hr_L11_T01_0018,L11,hr,True,shared_name,2,1228,0,0.0
128,hr_L11_T01_0019,L11,hr,True,shared_name,2,1128,0,0.0
128,hr_L11_T01_0020,L11,hr,True,shared_name,2,945,0,0.0
128,hr_L12_T03_0001,L12,hr,True,other_date,2,887,0,0.0
128,hr_L12_T03_0002,L12,hr,True,other_date,1,883,0,0.0
128,hr_L12_T03_0003,L12,hr,True,other_date,1,1049,0,0.0
128,hr_L12_T03_0004,L12,hr,False,,0,1099,0,0.0
128,hr_L12_T03_0005,L12,hr,True,other_date,1,984,0,0.0
128,hr_L12_T03_0006,L12,hr,False,,0,1001,0,0.0
128,hr_L12_T03_0007,L12,hr,True,other_date,2,1057,0,0.0
128,hr_L12_T03_0008,L12,hr,True,other_date,1,881,0,0.0
128,hr_L12_T03_0009,L12,hr,True,other_date,1,672,0,0.0
128,hr_L12_T03_0010,L12,hr,True,other_date,2,937,0,0.0
128,hr_L12_T03_0011,L12,hr,True,other_date,2,754,0,0.0
128,hr_L12_T03_0012,L12,hr,True,other_date,1,688,0,0.0
128,hr_L12_T03_0013,L12,hr,True,other_date,3,727,0,0.0
128,hr_L12_T03_0014,L12,hr,True,other_date,1,854,0,0.0
128,hr_L12_T03_0015,L12,hr,True,other_date,3,951,0,0.0
128,hr_L12_T03_0016,L12,hr,False,,0,923,0,0.0
128,hr_L12_T03_0017,L12,hr,True,other_date,1,767,0,0.0
128,hr_L12_T03_0018,L12,hr,False,,0,946,0,0.0
128,hr_L12_T03_0019,L12,hr,True,other_date,1,886,0,0.0
128,hr_L12_T03_0020,L12,hr,True,other_date,2,868,0,0.0
128,lease_document_L11_T11_0001,L11,lease_document,True,other_party,1,1228,0,0.0
128,lease_document_L11_T11_0002,L11,lease_document,True,other_party,1,1182,0,0.0
128,lease_document_L11_T11_0003,L11,lease_document,True,other_party,1,1197,0,0.0
128,lease_document_L11_T12_0001,L11,lease_document,True,other_party,1,1133,0,0.0
128,lease_document_L11_T12_0002,L11,lease_document,True,other_party,1,1180,0,0.0
128,lease_document_L11_T12_0003,L11,lease_document,True,other_party,1,1183,0,0.0
128,lease_document_L11_T13_0001,L11,lease_document,True,other_party,1,996,0,0.0
128,lease_document_L11_T14_0001,L11,lease_document,True,other_party,1,1085,0,0.0
128,lease_document_L11_T14_0002,L11,lease_document,True,other_party,1,1119,0,0.0
128,lease_document_L11_T14_0003,L11,lease_document,True,other_party,1,1145,0,0.0
128,lease_document_L11_T14_0004,L11,lease_document,True,other_party,1,1143,0,0.0
128,lease_document_L11_T21_0001,L11,lease_document,True,other_party,1,1212,0,0.0
128,lease_document_L11_T21_0002,L11,lease_document,True,other_party,1,1195,0,0.0
128,lease_document_L11_T21_0003,L11,lease_document,True,other_party,1,1193,0,0.0
128,lease_document_L11_T21_0004,L11,lease_document,True,other_party,1,1243,0,0.0
128,lease_document_L11_T21_0005,L11,lease_document,True,other_party,1,1189,0,0.0
128,lease_document_L11_T21_0006,L11,lease_document,True,other_party,1,1223,0,0.0
128,lease_document_L11_T21_0007,L11,lease_document,True,other_party,1,1206,0,0.0
128,lease_document_L11_T23_0001,L11,lease_document,True,other_party,1,1086,0,0.0
128,lease_document_L11_T23_0002,L11,lease_document,True,other_party,1,1196,0,0.0
128,lease_document_L11_T23_0003,L11,lease_document,True,other_party,1,1219,0,0.0
128,lease_document_L11_T24_0001,L11,lease_document,True,other_party,1,1176,0,0.0
128,lease_document_L11_T24_0002,L11,lease_document,True,other_party,1,1125,0,0.0
128,lease_document_L11_T24_0003,L11,lease_document,True,other_party,1,1051,0,0.0
128,lease_document_L11_T25_0001,L11,lease_document,True,other_party,1,1180,0,0.0
128,lease_document_L11_T25_0002,L11,lease_document,True,other_party,1,1068,0,0.0
128,lease_document_L11_T26_0001,L11,lease_document,True,other_party,1,1069,0,0.0
128,lease_document_L11_T26_0002,L11,lease_document,True,other_party,1,1112,0,0.0
128,lease_document_L11_T26_0003,L11,lease_document,True,other_party,1,1180,0,0.0
128,lease_document_L11_T26_0004,L11,lease_document,True,other_party,1,1063,0,0.0
128,lease_document_L11_T26_0005,L11,lease_document,True,other_party,1,1187,0,0.0
128,lease_document_L11_T27_0001,L11,lease_document,True,other_party,1,1198,0,0.0
128,lease_document_L11_T27_0002,L11,lease_document,True,other_party,1,1128,0,0.0
128,lease_document_L11_T27_0003,L11,lease_document,True,other_party,1,1181,0,0.0
128,lease_document_L11_T27_0004,L11,lease_document,True,other_party,1,1182,0,0.0
128,lease_document_L11_T28_0001,L11,lease_document,True,other_party,1,1078,0,0.0
128,lease_document_L11_T29_0001,L11,lease_document,True,other_party,1,1061,0,0.0
128,lease_document_L11_T29_0002,L11,lease_document,True,other_party,1,1047,0,0.0
128,lease_document_L11_T30_0001,L11,lease_document,True,other_party,1,1058,0,0.0
128,lease_document_L11_T30_0002,L11,lease_document,True,other_party,1,1066,0,0.0
128,lease_document_L11_T30_0003,L11,lease_document,True,other_party,1,1021,0,0.0
128,lease_document_L11_T30_0004,L11,lease_document,True,other_party,1,1002,0,0.0
128,lease_document_L11_T30_0005,L11,lease_document,True,other_party,1,1067,0,0.0
128,lease_document_L11_T30_0006,L11,lease_document,True,other_party,1,1059,0,0.0
128,lease_document_L11_T30_0007,L11,lease_document,True,other_party,1,1049,0,0.0
128,lease_document_L11_T30_0008,L11,lease_document,True,other_party,1,976,0,0.0
128,lease_document_L11_T30_0009,L11,lease_document,True,other_party,1,857,0,0.0
128,lease_document_L11_T31_0001,L11,lease_document,True,other_party,1,877,0,0.0
128,lease_document_L11_T31_0002,L11,lease_document,True,other_party,1,1001,0,0.0
128,lease_document_L11_T31_0003,L11,lease_document,True,other_party,1,1060,0,0.0
128,lease_document_L12_T31_0001,L12,lease_document,False,,0,614,0,0.0
128,lease_document_L12_T31_0002,L12,lease_document,False,,0,1182,0,0.0
128,lease_document_L12_T31_0003,L12,lease_document,False,,0,869,0,0.0
128,lease_document_L12_T31_0004,L12,lease_document,False,,0,1091,0,0.0
128,lease_document_L12_T31_0005,L12,lease_document,False,,0,964,0,0.0
128,lease_document_L12_T31_0006,L12,lease_document,False,,0,890,0,0.0
128,lease_document_L12_T32_0001,L12,lease_document,False,,0,902,0,0.0
128,lease_document_L12_T32_0002,L12,lease_document,False,,0,624,0,0.0
128,lease_document_L12_T32_0003,L12,lease_document,False,,0,880,0,0.0
128,lease_document_L12_T32_0004,L12,lease_document,False,,0,652,0,0.0
128,lease_document_L12_T32_0005,L12,lease_document,False,,0,904,0,0.0
128,lease_document_L12_T32_0006,L12,lease_document,False,,0,876,0,0.0
128,lease_document_L12_T32_0007,L12,lease_document,False,,0,1123,0,0.0
128,lease_document_L12_T32_0008,L12,lease_document,False,,0,1064,0,0.0
128,lease_document_L12_T33_0001,L12,lease_document,False,,0,400,0,0.0
128,lease_document_L12_T33_0002,L12,lease_document,False,,0,839,0,0.0
128,lease_document_L12_T33_0003,L12,lease_document,False,,0,592,0,0.0
128,lease_document_L12_T33_0004,L12,lease_document,False,,0,913,0,0.0
128,lease_document_L12_T33_0005,L12,lease_document,False,,0,510,0,0.0
128,lease_document_L12_T33_0006,L12,lease_document,False,,0,870,0,0.0
128,lease_document_L12_T33_0007,L12,lease_document,False,,0,756,0,0.0
128,lease_document_L12_T33_0008,L12,lease_document,False,,0,712,0,0.0
128,lease_document_L12_T34_0001,L12,lease_document,False,,0,750,0,0.0
128,lease_document_L12_T34_0002,L12,lease_document,False,,0,807,0,0.0
128,lease_document_L12_T34_0003,L12,lease_document,False,,0,963,0,0.0
128,lease_document_L12_T34_0004,L12,lease_document,False,,0,721,0,0.0
128,lease_document_L12_T34_0005,L12,lease_document,False,,0,906,0,0.0
128,lease_document_L12_T34_0006,L12,lease_document,False,,0,839,0,0.0
128,lease_document_L12_T34_0007,L12,lease_document,False,,0,490,0,0.0
128,lease_document_L12_T34_0008,L12,lease_document,False,,0,799,0,0.0
128,lease_document_L12_T34_0009,L12,lease_document,False,,0,1021,0,0.0
128,lease_document_L12_T35_0001,L12,lease_document,False,,0,890,0,0.0
128,lease_document_L12_T35_0002,L12,lease_document,False,,0,952,0,0.0
128,lease_document_L12_T35_0003,L12,lease_document,False,,0,942,0,0.0
128,lease_document_L12_T35_0004,L12,lease_document,False,,0,940,0,0.0
128,lease_document_L12_T35_0005,L12,lease_document,False,,0,849,0,0.0
128,lease_document_L12_T35_0006,L12,lease_document,False,,0,466,0,0.0
128,lease_document_L12_T36_0001,L12,lease_document,False,,0,815,0,0.0
128,lease_document_L12_T36_0002,L12,lease_document,False,,0,503,0,0.0
128,lease_document_L12_T36_0003,L12,lease_document,False,,0,884,0,0.0
128,lease_document_L12_T36_0004,L12,lease_document,False,,0,981,0,0.0
128,lease_document_L12_T36_0005,L12,lease_document,False,,0,886,0,0.0
128,lease_document_L12_T36_0006,L12,lease_document,False,,0,770,0,0.0
128,lease_document_L12_T36_0007,L12,lease_document,False,,0,823,0,0.0
128,lease_document_L12_T37_0001,L12,lease_document,False,,0,674,0,0.0
128,lease_document_L12_T37_0002,L12,lease_document,False,,0,1024,0,0.0
128,lease_document_L12_T37_0003,L12,lease_document,False,,0,589,0,0.0
128,lease_document_L12_T37_0004,L12,lease_document,False,,0,662,0,0.0
128,lease_document_L12_T37_0005,L12,lease_document,False,,0,590,0,0.0
128,lease_document_L12_T37_0006,L12,lease_document,False,,0,1014,0,0.0
200,field_report_L11_T15_0001,L11,field_report,True,other_party,1,403,0,0.0
200,field_report_L11_T15_0002,L11,field_report,True,other_party,1,562,0,0.0
200,field_report_L11_T15_0003,L11,field_report,True,other_party,1,282,0,0.0
200,field_report_L11_T15_0004,L11,field_report,True,other_party,1,582,0,0.0
200,field_report_L11_T15_0005,L11,field_report,True,other_party,1,402,0,0.0
200,field_report_L11_T15_0006,L11,field_report,True,other_party,1,396,0,0.0
200,field_report_L11_T15_0007,L11,field_report,True,other_party,1,220,0,0.0
200,field_report_L11_T15_0008,L11,field_report,True,other_party,1,350,0,0.0
200,field_report_L11_T15_0009,L11,field_report,True,other_party,1,400,0,0.0
200,field_report_L11_T15_0010,L11,field_report,True,other_party,1,309,0,0.0
200,field_report_L11_T15_0011,L11,field_report,True,other_party,1,569,0,0.0
200,field_report_L11_T15_0012,L11,field_report,True,other_party,1,429,0,0.0
200,field_report_L11_T15_0013,L11,field_report,True,other_party,1,370,0,0.0
200,field_report_L11_T15_0014,L11,field_report,True,other_party,1,324,0,0.0
200,field_report_L11_T15_0015,L11,field_report,True,other_party,1,466,0,0.0
200,field_report_L11_T15_0016,L11,field_report,True,other_party,1,373,0,0.0
200,field_report_L11_T15_0017,L11,field_report,True,other_party,1,367,0,0.0
200,field_report_L11_T15_0018,L11,field_report,True,other_party,1,416,0,0.0
200,field_report_L11_T15_0019,L11,field_report,True,other_party,1,286,0,0.0
200,field_report_L11_T15_0020,L11,field_report,True,other_party,1,383,0,0.0
200,field_report_L11_T15_0021,L11,field_report,True,other_party,1,276,0,0.0
200,field_report_L11_T15_0022,L11,field_report,True,other_party,1,385,0,0.0
200,field_report_L11_T15_0023,L11,field_report,True,other_party,1,375,0,0.0
200,field_report_L11_T15_0024,L11,field_report,True,other_party,1,223,0,0.0
200,field_report_L11_T15_0025,L11,field_report,True,other_party,1,374,0,0.0
200,field_report_L12_T15_0001,L12,field_report,True,other_party,1,463,0,0.0
200,field_report_L12_T15_0002,L12,field_report,False,,0,402,0,0.0
200,field_report_L12_T15_0003,L12,field_report,True,other_date,1,100,0,0.0
200,field_report_L12_T15_0004,L12,field_report,False,,0,245,0,0.0
200,field_report_L12_T15_0005,L12,field_report,False,,0,376,0,0.0
200,field_report_L12_T15_0006,L12,field_report,False,,0,552,0,0.0
200,field_report_L12_T15_0007,L12,field_report,True,other_date,1,329,0,0.0
200,field_report_L12_T15_0008,L12,field_report,False,,0,471,0,0.0
200,field_report_L12_T15_0009,L12,field_report,True,other_date,1,212,0,0.0
200,field_report_L12_T15_0010,L12,field_report,False,,0,306,0,0.0
200,field_report_L12_T15_0011,L12,field_report,False,,0,408,0,0.0
200,field_report_L12_T15_0012,L12,field_report,False,,0,360,0,0.0
200,field_report_L12_T15_0013,L12,field_report,True,other_date,1,318,0,0.0
200,field_report_L12_T15_0014,L12,field_report,False,,0,307,0,0.0
200,field_report_L12_T15_0015,L12,field_report,False,,0,390,0,0.0
200,field_report_L12_T15_0016,L12,field_report,False,,0,149,0,0.0
200,field_report_L12_T15_0017,L12,field_report,True,other_party,1,142,0,0.0
200,field_report_L12_T15_0018,L12,field_report,False,,0,493,0,0.0
200,field_report_L12_T15_0019,L12,field_report,False,,0,535,0,0.0
200,field_report_L12_T15_0020,L12,field_report,True,other_date,1,278,0,0.0
200,field_report_L12_T15_0021,L12,field_report,False,,0,388,0,0.0
200,field_report_L12_T15_0022,L12,field_report,False,,0,448,0,0.0
200,field_report_L12_T15_0023,L12,field_report,False,,0,601,0,0.0
200,field_report_L12_T15_0024,L12,field_report,False,,0,348,0,0.0
200,field_report_L12_T15_0025,L12,field_report,False,,0,306,0,0.0
200,hr_L11_T01_0001,L11,hr,True,shared_name,2,522,0,0.0
200,hr_L11_T01_0002,L11,hr,True,shared_name,2,405,0,0.0
200,hr_L11_T01_0003,L11,hr,True,shared_name,2,541,0,0.0
200,hr_L11_T01_0004,L11,hr,True,shared_name,2,446,0,0.0
200,hr_L11_T01_0005,L11,hr,True,shared_name,2,528,0,0.0
200,hr_L11_T01_0006,L11,hr,True,shared_name,2,208,0,0.0
200,hr_L11_T01_0007,L11,hr,True,shared_name,2,442,0,0.0
200,hr_L11_T01_0008,L11,hr,True,shared_name,2,507,0,0.0
200,hr_L11_T01_0009,L11,hr,True,shared_name,2,524,0,0.0
200,hr_L11_T01_0010,L11,hr,True,shared_name,2,414,0,0.0
200,hr_L11_T01_0011,L11,hr,True,shared_name,2,422,0,0.0
200,hr_L11_T01_0012,L11,hr,True,shared_name,2,433,0,0.0
200,hr_L11_T01_0013,L11,hr,True,shared_name,2,522,0,0.0
200,hr_L11_T01_0014,L11,hr,True,shared_name,2,495,0,0.0
200,hr_L11_T01_0015,L11,hr,True,shared_name,2,425,0,0.0
200,hr_L11_T01_0016,L11,hr,True,shared_name,2,525,0,0.0
200,hr_L11_T01_0017,L11,hr,True,shared_name,2,442,0,0.0
200,hr_L11_T01_0018,L11,hr,True,shared_name,2,464,0,0.0
200,hr_L11_T01_0019,L11,hr,True,shared_name,2,449,0,0.0
200,hr_L11_T01_0020,L11,hr,True,shared_name,2,450,0,0.0
200,hr_L11_T01_0021,L11,hr,True,shared_name,2,345,0,0.0
200,hr_L11_T01_0022,L11,hr,True,shared_name,2,445,0,0.0
200,hr_L11_T01_0023,L11,hr,True,shared_name,2,493,0,0.0
200,hr_L11_T01_0024,L11,hr,True,shared_name,2,488,0,0.0
200,hr_L11_T01_0025,L11,hr,True,shared_name,2,493,0,0.0
200,hr_L12_T03_0001,L12,hr,True,other_date,1,378,0,0.0
200,hr_L12_T03_0002,L12,hr,False,,0,445,0,0.0
200,hr_L12_T03_0003,L12,hr,True,other_date,1,438,0,0.0
200,hr_L12_T03_0004,L12,hr,True,other_date,1,303,0,0.0
200,hr_L12_T03_0005,L12,hr,True,other_date,2,401,0,0.0
200,hr_L12_T03_0006,L12,hr,True,other_date,1,400,0,0.0
200,hr_L12_T03_0007,L12,hr,True,other_date,1,367,0,0.0
200,hr_L12_T03_0008,L12,hr,True,other_date,1,447,0,0.0
200,hr_L12_T03_0009,L12,hr,False,,0,411,0,0.0
200,hr_L12_T03_0010,L12,hr,False,,0,461,0,0.0
200,hr_L12_T03_0011,L12,hr,False,,0,313,0,0.0
200,hr_L12_T03_0012,L12,hr,True,other_date,1,363,0,0.0
200,hr_L12_T03_0013,L12,hr,True,other_date,2,367,0,0.0
200,hr_L12_T03_0014,L12,hr,False,,0,380,0,0.0
200,hr_L12_T03_0015,L12,hr,True,other_date,2,326,0,0.0
200,hr_L12_T03_0016,L12,hr,True,other_date,3,329,0,0.0
200,hr_L12_T03_0017,L12,hr,False,,0,348,0,0.0
200,hr_L12_T03_0018,L12,hr,True,other_date,1,466,0,0.0
200,hr_L12_T03_0019,L12,hr,True,other_date,1,459,0,0.0
200,hr_L12_T03_0020,L12,hr,True,other_date,2,347,0,0.0
200,hr_L12_T03_0021,L12,hr,True,other_date,2,227,0,0.0
200,hr_L12_T03_0022,L12,hr,True,other_date,2,388,0,0.0
200,hr_L12_T03_0023,L12,hr,True,other_date,2,330,0,0.0
200,hr_L12_T03_0024,L12,hr,True,other_date,1,485,0,0.0
200,hr_L12_T03_0025,L12,hr,True,other_date,2,383,0,0.0
200,lease_document_L11_T11_0001,L11,lease_document,True,other_party,1,568,0,0.0
200,lease_document_L11_T12_0001,L11,lease_document,True,other_party,1,499,0,0.0
200,lease_document_L11_T12_0002,L11,lease_document,True,other_party,1,458,0,0.0
200,lease_document_L11_T12_0003,L11,lease_document,True,other_party,1,413,0,0.0
200,lease_document_L11_T12_0004,L11,lease_document,True,other_party,1,553,0,0.0
200,lease_document_L11_T12_0005,L11,lease_document,True,other_party,1,513,0,0.0
200,lease_document_L11_T12_0006,L11,lease_document,True,other_party,1,552,0,0.0
200,lease_document_L11_T12_0007,L11,lease_document,True,other_party,1,486,0,0.0
200,lease_document_L11_T13_0001,L11,lease_document,True,other_party,1,472,0,0.0
200,lease_document_L11_T13_0002,L11,lease_document,True,other_party,1,425,0,0.0
200,lease_document_L11_T13_0003,L11,lease_document,True,other_party,1,490,0,0.0
200,lease_document_L11_T13_0004,L11,lease_document,True,other_party,1,443,0,0.0
200,lease_document_L11_T13_0005,L11,lease_document,True,other_party,1,499,0,0.0
200,lease_document_L11_T13_0006,L11,lease_document,True,other_party,1,457,0,0.0
200,lease_document_L11_T13_0007,L11,lease_document,True,other_party,1,482,0,0.0
200,lease_document_L11_T14_0001,L11,lease_document,True,other_party,1,537,0,0.0
200,lease_document_L11_T14_0002,L11,lease_document,True,other_party,1,552,0,0.0
200,lease_document_L11_T14_0003,L11,lease_document,True,other_party,1,555,0,0.0
200,lease_document_L11_T21_0001,L11,lease_document,True,other_party,1,451,0,0.0
200,lease_document_L11_T21_0002,L11,lease_document,True,other_party,1,489,0,0.0
200,lease_document_L11_T21_0003,L11,lease_document,True,other_party,1,505,0,0.0
200,lease_document_L11_T22_0001,L11,lease_document,True,other_party,1,483,0,0.0
200,lease_document_L11_T22_0002,L11,lease_document,True,other_party,1,529,0,0.0
200,lease_document_L11_T22_0003,L11,lease_document,True,other_party,1,475,0,0.0
200,lease_document_L11_T23_0001,L11,lease_document,True,other_party,1,408,0,0.0
200,lease_document_L11_T23_0002,L11,lease_document,True,other_party,1,465,0,0.0
200,lease_document_L11_T23_0003,L11,lease_document,True,other_party,1,469,0,0.0
200,lease_document_L11_T24_0001,L11,lease_document,True,other_party,1,476,0,0.0
200,lease_document_L11_T24_0002,L11,lease_document,True,other_party,1,481,0,0.0
200,lease_document_L11_T24_0003,L11,lease_document,True,other_party,1,430,0,0.0
200,lease_document_L11_T24_0004,L11,lease_document,True,other_party,1,497,0,0.0
200,lease_document_L11_T24_0005,L11,lease_document,True,other_party,1,408,0,0.0
200,lease_document_L11_T25_0001,L11,lease_document,True,other_party,1,422,0,0.0
200,lease_document_L11_T25_0002,L11,lease_document,True,other_party,1,425,0,0.0
200,lease_document_L11_T25_0003,L11,lease_document,True,other_party,1,431,0,0.0
200,lease_document_L11_T25_0004,L11,lease_document,True,other_party,1,429,0,0.0
200,lease_document_L11_T25_0005,L11,lease_document,True,other_party,1,423,0,0.0
200,lease_document_L11_T26_0001,L11,lease_document,True,other_party,1,467,0,0.0
200,lease_document_L11_T26_0002,L11,lease_document,True,other_party,1,480,0,0.0
200,lease_document_L11_T26_0003,L11,lease_document,True,other_party,1,403,0,0.0
200,lease_document_L11_T26_0004,L11,lease_document,True,other_party,1,457,0,0.0
200,lease_document_L11_T26_0005,L11,lease_document,True,other_party,1,473,0,0.0
200,lease_document_L11_T27_0001,L11,lease_document,True,other_party,1,396,0,0.0
200,lease_document_L11_T27_0002,L11,lease_document,True,other_party,1,460,0,0.0
200,lease_document_L11_T27_0003,L11,lease_document,True,other_party,1,410,0,0.0
200,lease_document_L11_T28_0001,L11,lease_document,True,other_party,1,463,0,0.0
200,lease_document_L11_T28_0002,L11,lease_document,True,other_party,1,400,0,0.0
200,lease_document_L11_T28_0003,L11,lease_document,True,other_party,1,384,0,0.0
200,lease_document_L11_T28_0004,L11,lease_document,True,other_party,1,370,0,0.0
200,lease_document_L11_T29_0001,L11,lease_document,True,other_party,1,413,0,0.0
200,lease_document_L11_T29_0002,L11,lease_document,True,other_party,1,340,0,0.0
200,lease_document_L11_T29_0003,L11,lease_document,True,other_party,1,422,0,0.0
200,lease_document_L11_T29_0004,L11,lease_document,True,other_party,1,489,0,0.0
200,lease_document_L11_T29_0005,L11,lease_document,True,other_party,1,411,0,0.0
200,lease_document_L11_T30_0001,L11,lease_document,True,other_party,1,369,0,0.0
200,lease_document_L11_T30_0002,L11,lease_document,True,other_party,1,385,0,0.0
200,lease_document_L11_T30_0003,L11,lease_document,True,other_party,1,270,0,0.0
200,lease_document_L11_T30_0004,L11,lease_document,True,other_party,1,335,0,0.0
200,lease_document_L11_T30_0005,L11,lease_document,True,other_party,1,351,0,0.0
200,lease_document_L11_T30_0006,L11,lease_document,True,other_party,1,388,0,0.0
200,lease_document_L11_T30_0007,L11,lease_document,True,other_party,1,385,0,0.0
200,lease_document_L11_T30_0008,L11,lease_document,True,other_party,1,338,0,0.0
200,lease_document_L11_T31_0001,L11,lease_document,True,other_party,1,283,0,0.0
200,lease_document_L11_T31_0002,L11,lease_document,True,other_party,1,331,0,0.0
200,lease_document_L11_T31_0003,L11,lease_document,True,other_party,1,370,0,0.0
200,lease_document_L11_T31_0004,L11,lease_document,True,other_party,1,424,0,0.0
200,lease_document_L12_T31_0001,L12,lease_document,False,,0,106,0,0.0
200,lease_document_L12_T31_0002,L12,lease_document,False,,0,147,0,0.0
200,lease_document_L12_T31_0003,L12,lease_document,False,,0,202,0,0.0
200,lease_document_L12_T31_0004,L12,lease_document,False,,0,207,0,0.0
200,lease_document_L12_T31_0005,L12,lease_document,False,,0,186,0,0.0
200,lease_document_L12_T31_0006,L12,lease_document,False,,0,212,0,0.0
200,lease_document_L12_T31_0007,L12,lease_document,False,,0,223,0,0.0
200,lease_document_L12_T31_0008,L12,lease_document,False,,0,107,0,0.0
200,lease_document_L12_T31_0009,L12,lease_document,False,,0,136,0,0.0
200,lease_document_L12_T31_0010,L12,lease_document,False,,0,340,0,0.0
200,lease_document_L12_T32_0001,L12,lease_document,False,,0,154,0,0.0
200,lease_document_L12_T32_0002,L12,lease_document,False,,0,86,0,0.0
200,lease_document_L12_T32_0003,L12,lease_document,False,,0,182,0,0.0
200,lease_document_L12_T32_0004,L12,lease_document,False,,0,225,0,0.0
200,lease_document_L12_T32_0005,L12,lease_document,False,,0,215,0,0.0
200,lease_document_L12_T32_0006,L12,lease_document,False,,0,251,0,0.0
200,lease_document_L12_T32_0007,L12,lease_document,False,,0,173,0,0.0
200,lease_document_L12_T32_0008,L12,lease_document,False,,0,290,0,0.0
200,lease_document_L12_T32_0009,L12,lease_document,False,,0,112,0,0.0
200,lease_document_L12_T33_0001,L12,lease_document,False,,0,111,0,0.0
200,lease_document_L12_T33_0002,L12,lease_document,False,,0,144,0,0.0
200,lease_document_L12_T33_0003,L12,lease_document,False,,0,343,0,0.0
200,lease_document_L12_T33_0004,L12,lease_document,False,,0,186,0,0.0
200,lease_document_L12_T33_0005,L12,lease_document,False,,0,153,0,0.0
200,lease_document_L12_T33_0006,L12,lease_document,False,,0,375,0,0.0
200,lease_document_L12_T34_0001,L12,lease_document,False,,0,242,0,0.0
200,lease_document_L12_T34_0002,L12,lease_document,False,,0,346,0,0.0
200,lease_document_L12_T34_0003,L12,lease_document,False,,0,328,0,0.0
200,lease_document_L12_T34_0004,L12,lease_document,False,,0,464,0,0.0
200,lease_document_L12_T34_0005,L12,lease_document,False,,0,436,0,0.0
200,lease_document_L12_T34_0006,L12,lease_document,False,,0,509,0,0.0
200,lease_document_L12_T34_0007,L12,lease_document,False,,0,231,0,0.0
200,lease_document_L12_T34_0008,L12,lease_document,False,,0,215,0,0.0
200,lease_document_L12_T34_0009,L12,lease_document,False,,0,150,0,0.0
200,lease_document_L12_T34_0010,L12,lease_document,False,,0,272,0,0.0
200,lease_document_L12_T34_0011,L12,lease_document,False,,0,171,0,0.0
200,lease_document_L12_T34_0012,L12,lease_document,False,,0,230,0,0.0
200,lease_document_L12_T34_0013,L12,lease_document,False,,0,79,0,0.0
200,lease_document_L12_T34_0014,L12,lease_document,False,,0,171,0,0.0
200,lease_document_L12_T35_0001,L12,lease_document,False,,0,201,0,0.0
200,lease_document_L12_T35_0002,L12,lease_document,False,,0,178,0,0.0
200,lease_document_L12_T35_0003,L12,lease_document,False,,0,187,0,0.0
200,lease_document_L12_T35_0004,L12,lease_document,False,,0,122,0,0.0
200,lease_document_L12_T35_0005,L12,lease_document,False,,0,248,0,0.0
200,lease_document_L12_T35_0006,L12,lease_document,False,,0,257,0,0.0
200,lease_document_L12_T35_0007,L12,lease_document,False,,0,297,0,0.0
200,lease_document_L12_T35_0008,L12,lease_document,False,,0,451,0,0.0
200,lease_document_L12_T35_0009,L12,lease_document,False,,0,323,0,0.0
200,lease_document_L12_T35_0010,L12,lease_document,False,,0,257,0,0.0
200,lease_document_L12_T36_0001,L12,lease_document,False,,0,228,0,0.0
200,lease_document_L12_T36_0002,L12,lease_document,False,,0,235,0,0.0
200,lease_document_L12_T36_0003,L12,lease_document,False,,0,256,0,0.0
200,lease_document_L12_T36_0004,L12,lease_document,False,,0,270,0,0.0
200,lease_document_L12_T36_0005,L12,lease_document,False,,0,244,0,0.0
200,lease_document_L12_T36_0006,L12,lease_document,False,,0,236,0,0.0
200,lease_document_L12_T36_0007,L12,lease_document,False,,0,244,0,0.0
200,lease_document_L12_T36_0008,L12,lease_document,False,,0,219,0,0.0
200,lease_document_L12_T37_0001,L12,lease_document,False,,0,131,0,0.0
200,lease_document_L12_T37_0002,L12,lease_document,False,,0,189,0,0.0
200,lease_document_L12_T37_0003,L12,lease_document,False,,0,179,0,0.0
200,lease_document_L12_T37_0004,L12,lease_document,False,,0,487,0,0.0
200,lease_document_L12_T37_0005,L12,lease_document,False,,0,430,0,0.0
200,lease_document_L12_T37_0006,L12,lease_document,False,,0,156,0,0.0
200,lease_document_L12_T37_0007,L12,lease_document,False,,0,402,0,0.0
200,lease_document_L12_T37_0008,L12,lease_document,False,,0,90,0,0.0
200,lease_document_L12_T37_0009,L12,lease_document,False,,0,148,0,0.0
200,lease_document_L12_T37_0010,L12,lease_document,False,,0,234,0,0.0
