length,level,questions,share_with_lookalike,mean_lookalikes,median_lookalikes,share_two_or_more,mean_partial_matches,mean_lookalikes_plus_partial
32,L11,63,100.0,1.2380952380952381,1.0,23.809523809523807,3.0793650793650795,4.317460317460317
128,L11,90,100.0,1.2222222222222223,1.0,22.22222222222222,7.1,8.322222222222223
200,L11,116,100.0,1.2155172413793103,1.0,21.551724137931032,11.129310344827585,12.344827586206897
32,L12,63,26.984126984126984,0.3492063492063492,0.0,6.349206349206349,2.0634920634920637,2.4126984126984126
128,L12,90,24.444444444444443,0.34444444444444444,0.0,7.777777777777778,5.033333333333333,5.377777777777778
200,L12,117,22.22222222222222,0.3076923076923077,0.0,7.6923076923076925,6.17948717948718,6.487179487179487
32,all,126,63.49206349206349,0.7936507936507936,1.0,15.079365079365079,2.5714285714285716,3.365079365079365
128,all,180,62.22222222222222,0.7833333333333333,1.0,15.0,6.066666666666666,6.85
200,all,233,60.94420600858369,0.759656652360515,1.0,14.592274678111588,8.643776824034335,9.40343347639485
