model,ladder,none,none_lo,none_hi,none_docs,decoy,decoy_lo,decoy_hi,decoy_docs,strong,strong_lo,strong_hi,strong_docs,decoy_minus_none,decoy_minus_none_lo,decoy_minus_none_hi,decoy_minus_none_p,strong_minus_decoy,strong_minus_decoy_lo,strong_minus_decoy_hi,strong_minus_decoy_p
Qwen3 4B,both,0.0,0.0,0.0,30,0.0,0.0,0.0,30,63.74999999999999,56.666666666666664,70.41666666666667,30,0.0,0.0,0.0,1.0,63.74999999999999,56.25,71.25,0.0001999600079984003
Qwen3 4B,name,0.0,0.0,0.0,15,0.0,0.0,0.0,15,75.0,67.5,82.5,15,0.0,0.0,0.0,1.0,75.0,67.5,82.5,0.0001999600079984003
Qwen3 4B,role,0.0,0.0,0.0,15,0.0,0.0,0.0,15,52.5,42.5,61.66666666666667,15,0.0,0.0,0.0,1.0,52.5,43.333333333333336,61.66666666666667,0.0001999600079984003
Llama 3.1 8B,both,0.0,0.0,0.0,30,0.0,0.0,0.0,30,58.333333333333336,47.5,68.75,30,0.0,0.0,0.0,1.0,58.333333333333336,48.333333333333336,68.75,0.0001999600079984003
Llama 3.1 8B,name,0.0,0.0,0.0,15,0.0,0.0,0.0,15,82.5,75.0,89.16666666666667,15,0.0,0.0,0.0,1.0,82.5,75.0,89.16666666666667,0.0001999600079984003
Llama 3.1 8B,role,0.0,0.0,0.0,15,0.0,0.0,0.0,15,34.166666666666664,25.833333333333336,43.333333333333336,15,0.0,0.0,0.0,1.0,34.166666666666664,25.833333333333336,43.333333333333336,0.0001999600079984003
Gemma 3 27B,both,5.833333333333333,2.9166666666666665,9.583333333333334,30,5.833333333333333,2.9166666666666665,9.166666666666666,30,92.5,89.16666666666667,95.83333333333334,30,0.0,-5.0,4.583333333333334,1.0,86.66666666666667,82.08333333333333,91.25,0.0001999600079984003
Gemma 3 27B,name,5.0,0.8333333333333334,10.833333333333334,15,0.8333333333333334,0.0,2.5,15,99.16666666666667,97.5,100.0,15,-4.166666666666667,-10.0,0.0,0.2751449710057988,98.33333333333334,95.83333333333333,100.0,0.0001999600079984003
Gemma 3 27B,role,6.666666666666667,2.5,11.666666666666666,15,10.833333333333334,5.833333333333333,15.854166666666552,15,85.83333333333333,81.66666666666667,90.83333333333333,15,4.166666666666667,-2.500000000000001,10.833333333333334,0.35852829434113176,75.0,68.33333333333333,81.66666666666667,0.0001999600079984003
Qwen3 30B A3B,both,0.0,0.0,0.0,30,0.8333333333333334,0.0,2.083333333333333,30,80.41666666666667,73.75,86.66666666666667,30,0.8333333333333334,0.0,2.083333333333333,0.48270345930813835,79.58333333333334,72.48958333333333,86.25,0.0001999600079984003
Qwen3 30B A3B,name,0.0,0.0,0.0,15,0.0,0.0,0.0,15,95.0,90.83333333333333,98.33333333333333,15,0.0,0.0,0.0,1.0,95.0,90.83333333333333,98.33333333333333,0.0001999600079984003
Qwen3 30B A3B,role,0.0,0.0,0.0,15,1.6666666666666667,0.0,4.166666666666666,15,65.83333333333333,58.333333333333336,73.33333333333333,15,1.6666666666666667,0.0,4.166666666666666,0.48050389922015596,64.16666666666666,55.833333333333336,71.66666666666667,0.0001999600079984003
Llama 3.3 70B,both,0.4166666666666667,0.0,1.25,30,0.0,0.0,0.0,30,91.66666666666666,87.91666666666667,95.41666666666667,30,-0.4166666666666667,-1.25,0.0,1.0,91.66666666666666,87.5,95.41666666666667,0.0001999600079984003
Llama 3.3 70B,name,0.0,0.0,0.0,15,0.0,0.0,0.0,15,98.33333333333333,95.83333333333334,100.0,15,0.0,0.0,0.0,1.0,98.33333333333333,95.83333333333334,100.0,0.0001999600079984003
Llama 3.3 70B,role,0.8333333333333334,0.0,2.5,15,0.0,0.0,0.0,15,85.0,79.16666666666666,90.83333333333333,15,-0.8333333333333334,-2.5,0.0,1.0,85.0,79.16666666666666,90.83333333333333,0.0001999600079984003
Qwen3 Next 80B,both,0.0,0.0,0.0,30,0.0,0.0,0.0,30,89.58333333333334,85.41666666666666,93.33333333333333,30,0.0,0.0,0.0,1.0,89.58333333333334,85.41666666666666,93.33333333333333,0.0001999600079984003
Qwen3 Next 80B,name,0.0,0.0,0.0,15,0.0,0.0,0.0,15,95.0,90.83333333333333,98.33333333333333,15,0.0,0.0,0.0,1.0,95.0,90.83333333333333,98.33333333333333,0.0001999600079984003
Qwen3 Next 80B,role,0.0,0.0,0.0,15,0.0,0.0,0.0,15,84.16666666666667,77.5,90.0,15,0.0,0.0,0.0,1.0,84.16666666666667,77.5,90.83333333333333,0.0001999600079984003
GLM 4.5 Air 106B,both,0.4166666666666667,0.0,1.25,30,0.4166666666666667,0.0,1.25,30,95.0,90.83333333333333,98.33333333333333,30,0.0,-1.25,1.25,1.0,94.58333333333333,90.41666666666667,97.91666666666666,0.0001999600079984003
GLM 4.5 Air 106B,name,0.0,0.0,0.0,15,0.0,0.0,0.0,15,99.16666666666667,97.5,100.0,15,0.0,0.0,0.0,1.0,99.16666666666667,97.5,100.0,0.0001999600079984003
GLM 4.5 Air 106B,role,0.8333333333333334,0.0,2.5,15,0.8333333333333334,0.0,2.5,15,90.83333333333333,84.16666666666667,95.85416666666656,15,0.0,-2.5,2.5,1.0,90.0,83.33333333333334,95.83333333333334,0.0001999600079984003
