errors,term,log_odds,se,z,lo,hi
naive (answers independent),look-alike present at 32K,1.3067058802587783,0.025342342109109035,51.56215927607957,,
naive (answers independent),log2(length/32K) without look-alike,0.7505015859316593,0.0071329864348646235,105.21561940218425,,
naive (answers independent),present x log2(length/32K),-0.6808348152617141,0.012028837236249142,-56.60021844921176,,
clustered by question,look-alike present at 32K,1.3067058802587783,0.23445212145698258,5.573444471896295,,
clustered by question,log2(length/32K) without look-alike,0.7505015859316593,0.08017617081081024,9.360656393813064,,
clustered by question,present x log2(length/32K),-0.6808348152617141,0.10942632492851913,-6.221855807608066,,
clustered by model,look-alike present at 32K,1.3067058802587783,0.3816796585612024,3.4235669911899373,,
clustered by model,log2(length/32K) without look-alike,0.7505015859316593,0.12700255185330553,5.909342568159789,,
clustered by model,present x log2(length/32K),-0.6808348152617141,0.12260814788118568,-5.552932876218651,,
two-way: question and model,look-alike present at 32K,1.3067058802587783,0.425679921854853,3.0696911298163947,,
two-way: question and model,log2(length/32K) without look-alike,0.7505015859316593,0.1439061789227065,5.21521446507701,,
two-way: question and model,present x log2(length/32K),-0.6808348152617141,0.1506056011421462,-4.520647373659903,,
question bootstrap (500 draws),look-alike present at 32K,1.2983103926709558,0.2526754457664503,5.138253100663344,0.7892781286862611,1.7859517090671286
question bootstrap (500 draws),log2(length/32K) without look-alike,0.750132677431618,0.08336168105117236,8.998531075340741,0.5941926077053258,0.9424728806558009
question bootstrap (500 draws),present x log2(length/32K),-0.6799963769088202,0.11797916224541645,-5.7636989784205594,-0.9283965186976993,-0.45586351605996367
