kind,paper_experiment,code_experiment,model,run,answers,file,bytes,sha256
responses,E1_lookalike_level,exp2,gemma3_27b,normal_t0.7_s1,1440,responses/E1_lookalike_level/gemma3_27b/normal_t0.7_s1.jsonl.gz,91775,b54bd7fc0d8ec2cfaabc3f3949c48096d01abffa27028dee7c70faf169320da5
responses,E1_lookalike_level,exp2,gemma3_27b,normal_t0.7_s2,1440,responses/E1_lookalike_level/gemma3_27b/normal_t0.7_s2.jsonl.gz,91776,039fabce2a827c06b33ee17d7d1f0b36c6347225b88b51718abe054403f58f84
responses,E1_lookalike_level,exp2,gemma3_27b,normal_t0.7_s3,1440,responses/E1_lookalike_level/gemma3_27b/normal_t0.7_s3.jsonl.gz,91777,1094a5d90e1399225acbb1a7a3e7b33bd94b1860f57b499e8f27c5736aa7a402
responses,E1_lookalike_level,exp2,gemma3_27b,normal_t0_s0,1440,responses/E1_lookalike_level/gemma3_27b/normal_t0_s0.jsonl.gz,91958,bda42eaef076faf133d5fa4ab9162907efde27bcfb37b405332c612f2432889b
responses,E1_lookalike_level,exp2,gemma3_27b,strict_t0_s0,360,responses/E1_lookalike_level/gemma3_27b/strict_t0_s0.jsonl.gz,23339,316c2219d706487815bf1a7c4bda3f31a05ca633377949f1f0a36b45103cf87e
responses,E1_lookalike_level,exp2,glm45_air,normal_t0.7_s1,1440,responses/E1_lookalike_level/glm45_air/normal_t0.7_s1.jsonl.gz,76741,25fec197283b53039d54969ff493037b9b065a3f21b5b39457deb2f72c82014e
responses,E1_lookalike_level,exp2,glm45_air,normal_t0.7_s2,1440,responses/E1_lookalike_level/glm45_air/normal_t0.7_s2.jsonl.gz,76323,03d4649898562ec7489b14257a32f9296a7adfec79a1f75e3d4c3f4b7ddf8f63
responses,E1_lookalike_level,exp2,glm45_air,normal_t0.7_s3,1440,responses/E1_lookalike_level/glm45_air/normal_t0.7_s3.jsonl.gz,76033,a61d6d160d7de032675116ff3e65193e3f6178b796844e4184e1f6923724df27
responses,E1_lookalike_level,exp2,glm45_air,normal_t0_s0,1440,responses/E1_lookalike_level/glm45_air/normal_t0_s0.jsonl.gz,75848,11509e54962aa5b9159c49598a46cd1b061470d74e63a96c2b135e82f80fdea4
responses,E1_lookalike_level,exp2,llama31_8b,normal_t0.7_s1,1440,responses/E1_lookalike_level/llama31_8b/normal_t0.7_s1.jsonl.gz,86093,6c3dc86a3cdba95f6b140dcdc87cd137540a7138a14be8784dad972182aa6f40
responses,E1_lookalike_level,exp2,llama31_8b,normal_t0.7_s2,1440,responses/E1_lookalike_level/llama31_8b/normal_t0.7_s2.jsonl.gz,89898,9163439250daa5ed7798b75c0ab5c079b1c6634f2eb68c88e0a8eae4985f70dd
responses,E1_lookalike_level,exp2,llama31_8b,normal_t0.7_s3,1440,responses/E1_lookalike_level/llama31_8b/normal_t0.7_s3.jsonl.gz,85368,26306946c6c8d7ca555c0ea31ba5be0177aa1207b9cf929f7438b34468eb41c4
responses,E1_lookalike_level,exp2,llama31_8b,normal_t0_s0,1440,responses/E1_lookalike_level/llama31_8b/normal_t0_s0.jsonl.gz,75238,f51af6d48f19683517dc1b2c169a4d3c0f73c10f89717409593d720f8c3aae99
responses,E1_lookalike_level,exp2,llama31_8b,strict_t0_s0,360,responses/E1_lookalike_level/llama31_8b/strict_t0_s0.jsonl.gz,20690,3edc491513ec12877b6ae1d1ca108378f05d57685a8f520802e6d5a842be1876
responses,E1_lookalike_level,exp2,llama33_70b,normal_t0.7_s1,1440,responses/E1_lookalike_level/llama33_70b/normal_t0.7_s1.jsonl.gz,91706,ca4187a97e321ab2cdc10d06c8007682d3ee66c64d83cedbf4506b11f669a296
responses,E1_lookalike_level,exp2,llama33_70b,normal_t0.7_s2,1440,responses/E1_lookalike_level/llama33_70b/normal_t0.7_s2.jsonl.gz,90592,c5ca956c68610cf51274e06f45e8bf65cd61683582a5c5b1c4ecccb23bbc2035
responses,E1_lookalike_level,exp2,llama33_70b,normal_t0.7_s3,1440,responses/E1_lookalike_level/llama33_70b/normal_t0.7_s3.jsonl.gz,88712,bbbe2d654746c500c62597609212326cbd9e6842e0424a3985781f6154d5d419
responses,E1_lookalike_level,exp2,llama33_70b,normal_t0_s0,1440,responses/E1_lookalike_level/llama33_70b/normal_t0_s0.jsonl.gz,85836,00dab9f4e8a7b507ebc1dc9cc5447db80c89a899f7a46c4c0ee86dd52615616f
responses,E1_lookalike_level,exp2,llama33_70b,strict_t0_s0,360,responses/E1_lookalike_level/llama33_70b/strict_t0_s0.jsonl.gz,20206,cad2a497415d4fd974589a4db733cfd3cd8c765ca98b7a61253ea7063b448148
responses,E1_lookalike_level,exp2,qwen3_30b_a3b,normal_t0.7_s1,1440,responses/E1_lookalike_level/qwen3_30b_a3b/normal_t0.7_s1.jsonl.gz,89973,08c388de9469de758d3b14a3e8e8183a6ea222431409001d7ee200b3e4fb41fd
responses,E1_lookalike_level,exp2,qwen3_30b_a3b,normal_t0.7_s2,1440,responses/E1_lookalike_level/qwen3_30b_a3b/normal_t0.7_s2.jsonl.gz,90088,6bdd85291530eb00ff41fb208b26ebf01e7de3946da455b533ecdd4ba8b1dbef
responses,E1_lookalike_level,exp2,qwen3_30b_a3b,normal_t0.7_s3,1440,responses/E1_lookalike_level/qwen3_30b_a3b/normal_t0.7_s3.jsonl.gz,90370,757650665763c68182e6034ebbe8224691436b4ce4add68fdd099a52230791ae
responses,E1_lookalike_level,exp2,qwen3_30b_a3b,normal_t0_s0,1440,responses/E1_lookalike_level/qwen3_30b_a3b/normal_t0_s0.jsonl.gz,89313,7c7629ae353aa534b06d6e4b9a60e4b27ba1b7d188a53a55d4e948c68b34cd50
responses,E1_lookalike_level,exp2,qwen3_30b_a3b,strict_t0_s0,360,responses/E1_lookalike_level/qwen3_30b_a3b/strict_t0_s0.jsonl.gz,26303,fcda37f30af4bb951ea9e0e9a6ba29086e4eb9be474a6a1015abaf2eefcfc6fa
responses,E1_lookalike_level,exp2,qwen3_4b,normal_t0.7_s1,1440,responses/E1_lookalike_level/qwen3_4b/normal_t0.7_s1.jsonl.gz,100731,dc38418f90f8f35fa05b3b30b61c0d2e3d1e615c33ee98303cf39903445d22f0
responses,E1_lookalike_level,exp2,qwen3_4b,normal_t0.7_s2,1440,responses/E1_lookalike_level/qwen3_4b/normal_t0.7_s2.jsonl.gz,100412,c4c7f157d95980abd0f8177edb8c6d6271d7c99d7ee07cf03ff48ab5d850fa6b
responses,E1_lookalike_level,exp2,qwen3_4b,normal_t0.7_s3,1440,responses/E1_lookalike_level/qwen3_4b/normal_t0.7_s3.jsonl.gz,100319,939cc6ac8cb1cbd333096a65f40438bd562488be65c592ecb970b329f8d8756e
responses,E1_lookalike_level,exp2,qwen3_4b,normal_t0_s0,1440,responses/E1_lookalike_level/qwen3_4b/normal_t0_s0.jsonl.gz,99718,9c6929c6abea06b308a2f23f345a9aba32d45984742ee3a96c8743f5095b456a
responses,E1_lookalike_level,exp2,qwen3_4b,strict_t0_s0,360,responses/E1_lookalike_level/qwen3_4b/strict_t0_s0.jsonl.gz,23150,ad0c7ac4d35fa1a220afa834fc3a53feacb113afe895d7ccc34c17573e39a6b0
responses,E1_lookalike_level,exp2,qwen3_next_80b,normal_t0.7_s1,1440,responses/E1_lookalike_level/qwen3_next_80b/normal_t0.7_s1.jsonl.gz,87666,9486ea8679fae9928d86a3fb829d84b7092241e1c270126ee143a0a37f767cee
responses,E1_lookalike_level,exp2,qwen3_next_80b,normal_t0.7_s2,1440,responses/E1_lookalike_level/qwen3_next_80b/normal_t0.7_s2.jsonl.gz,88309,d6979c472019db71168341d9ae15bb5145e0256fea6250dc1211616c48637303
responses,E1_lookalike_level,exp2,qwen3_next_80b,normal_t0.7_s3,1440,responses/E1_lookalike_level/qwen3_next_80b/normal_t0.7_s3.jsonl.gz,87194,7d820bab5527916446bb69ffb96948aaccf3789727bb0bcd9fa98b2e602e3a55
responses,E1_lookalike_level,exp2,qwen3_next_80b,normal_t0_s0,1440,responses/E1_lookalike_level/qwen3_next_80b/normal_t0_s0.jsonl.gz,87096,6813f41e87a4345205991ae4ee986a117440495a55f21594ced7ec3229717bd7
responses,E1_lookalike_level,exp2,qwen3_next_80b,strict_t0_s0,360,responses/E1_lookalike_level/qwen3_next_80b/strict_t0_s0.jsonl.gz,20855,f92666f25dca97ea66dce1755271cb5dbae75c91f5512c206704f64863f395e2
responses,E2_length_filler,exp3,gemma3_27b,normal_t0_s0,2880,responses/E2_length_filler/gemma3_27b/normal_t0_s0.jsonl.gz,169174,370e1b1fbd3e81037dbfca9d2995b5f792f659d0a8e9a4d94be1b5f23b9fd93c
responses,E2_length_filler,exp3,glm45_air,normal_t0_s0,3360,responses/E2_length_filler/glm45_air/normal_t0_s0.jsonl.gz,177142,8649a7b19666eba3180a9e1f050ecac4990cae416b8861c576655374284199a4
responses,E2_length_filler,exp3,llama31_8b,normal_t0_s0,3840,responses/E2_length_filler/llama31_8b/normal_t0_s0.jsonl.gz,209896,07559adba7ae6fea88c61d2526ceac3ccadb099b9f20159f085e7f058b506f22
responses,E2_length_filler,exp3,llama33_70b,normal_t0_s0,3840,responses/E2_length_filler/llama33_70b/normal_t0_s0.jsonl.gz,225448,c7968ab0532b9585c978dfbf2d54a941b5886d79e39bf1e58ccc59cc29bbef8d
responses,E2_length_filler,exp3,llama33_70b_bf16,normal_t0_s0,960,responses/E2_length_filler/llama33_70b_bf16/normal_t0_s0.jsonl.gz,63379,5e6612b09b5f74a22913443ba2a53a1cb51c0d5473822b791741a08c489d209e
responses,E2_length_filler,exp3,qwen3_30b_a3b,normal_t0_s0,3840,responses/E2_length_filler/qwen3_30b_a3b/normal_t0_s0.jsonl.gz,236621,c99691ad96bd3370c3280b74ce98cb82788c33c71ae5a32c52c94b1d7d0da799
responses,E2_length_filler,exp3,qwen3_4b,normal_t0_s0,3840,responses/E2_length_filler/qwen3_4b/normal_t0_s0.jsonl.gz,257365,cf82f740c6319a22d74e028c3ce9c80afba7cc3e0e631a0725b9a75ab97b7ee4
responses,E2_length_filler,exp3,qwen3_next_80b,normal_t0_s0,3840,responses/E2_length_filler/qwen3_next_80b/normal_t0_s0.jsonl.gz,230842,23dd15a22a3b19d62a98463da8b1e5c80b7d848a4f6adc1aa64aa54360e0490e
responses,E3_copies,exp4,gemma3_27b,normal_t0_s0,960,responses/E3_copies/gemma3_27b/normal_t0_s0.jsonl.gz,64966,0e378d7d4a7aba01caeccf7451af85e630be7e0f8c80cd613066f317662c6e8b
responses,E3_copies,exp4,glm45_air,normal_t0_s0,960,responses/E3_copies/glm45_air/normal_t0_s0.jsonl.gz,59614,75a01d43ce54e639a0d6d95b0b004138f0161067e40c653899d57add17f0991c
responses,E3_copies,exp4,llama31_8b,normal_t0_s0,960,responses/E3_copies/llama31_8b/normal_t0_s0.jsonl.gz,61595,c348d434a7ad207b2e0794bd8c356df9d33c61033f205c8757d7c90597fa6083
responses,E3_copies,exp4,llama33_70b,normal_t0_s0,960,responses/E3_copies/llama33_70b/normal_t0_s0.jsonl.gz,69292,14920d42e94e9c3bb4ca46f1ff4b27166b9940cb56c30b564fee8a33fe17a3fe
responses,E3_copies,exp4,qwen3_30b_a3b,normal_t0_s0,960,responses/E3_copies/qwen3_30b_a3b/normal_t0_s0.jsonl.gz,69483,3ff50dc1151fb52545300327020aa36fe0ff715292abbc7351d97994e9610712
responses,E3_copies,exp4,qwen3_4b,normal_t0_s0,960,responses/E3_copies/qwen3_4b/normal_t0_s0.jsonl.gz,85989,942901891d6faead33989ccbf178a1e981e8efbe416a31d3e99cd89fe380061e
responses,E3_copies,exp4,qwen3_next_80b,normal_t0_s0,960,responses/E3_copies/qwen3_next_80b/normal_t0_s0.jsonl.gz,75731,003b0377ec9a506b60a450735ba5fb690a9dbb104101d37fe0ed29a0044288d5
responses,E4_wikipedia,exp6,gemma3_27b,normal_t0_s0,1500,responses/E4_wikipedia/gemma3_27b/normal_t0_s0.jsonl.gz,131421,6783053ee0b0e317ddf30938db862dd25c66a6f74da6b097212d9c0fe89f9603
responses,E4_wikipedia,exp6,glm45_air,normal_t0_s0,1500,responses/E4_wikipedia/glm45_air/normal_t0_s0.jsonl.gz,99400,33b8a90cc22713a26ab5293e83267fefd35cbb9a51f808082b43ceb74add94bf
responses,E4_wikipedia,exp6,llama31_8b,normal_t0_s0,1500,responses/E4_wikipedia/llama31_8b/normal_t0_s0.jsonl.gz,114476,21def013f5ea8d2dfe1daec74ef72b8b593e3b8d356a08748c3742ba586a3c3b
responses,E4_wikipedia,exp6,llama33_70b,normal_t0_s0,1500,responses/E4_wikipedia/llama33_70b/normal_t0_s0.jsonl.gz,104722,b71af2bdd9092d3e7df0fac1273d4e0dad4da5a97e9201fac28039693d386dc4
responses,E4_wikipedia,exp6,qwen3_30b_a3b,normal_t0_s0,1500,responses/E4_wikipedia/qwen3_30b_a3b/normal_t0_s0.jsonl.gz,130965,a68b7030b3f7f5cd5b69e01d32e003ea298c3a3abcee5f5387078dd3755ffc18
responses,E4_wikipedia,exp6,qwen3_4b,normal_t0_s0,1500,responses/E4_wikipedia/qwen3_4b/normal_t0_s0.jsonl.gz,169433,514c5894d06fe9f72c3a5b0e36e34c7949cfa6297636460c33964c39306b2842
responses,E4_wikipedia,exp6,qwen3_next_80b,normal_t0_s0,1500,responses/E4_wikipedia/qwen3_next_80b/normal_t0_s0.jsonl.gz,131276,f3e09a2682a163beb71666e846017c96b5ba5bdb51ba6b716e9db417b3fdb050
responses,E5_protocol,exp7,llama31_8b,batch12_t0_s0,240,responses/E5_protocol/llama31_8b/batch12_t0_s0.jsonl.gz,15534,29883ab11f878e6753cf0fc98cec4d17dcfcb4396ef0f6a5d2117e474eb5c936
responses,E5_protocol,exp7,llama31_8b,normal_t0_s0,240,responses/E5_protocol/llama31_8b/normal_t0_s0.jsonl.gz,13969,1c7f4a8157106b7e6ed76b9564e9552f0d1c0d20aadfffae8157cca5210438cb
responses,E5_protocol,exp7,qwen3_4b,batch12_t0_s0,240,responses/E5_protocol/qwen3_4b/batch12_t0_s0.jsonl.gz,15642,367095b5ef3fdd032482c699299c5de129c31c6cf73f6cadf8cff25ab5aac8fb
responses,E5_protocol,exp7,qwen3_4b,normal_t0_s0,240,responses/E5_protocol/qwen3_4b/normal_t0_s0.jsonl.gz,18821,3a3a0babb16d744ca7708c76b34081215e1f26119a4da235873faed629de48ee
scored,E1_lookalike_level,exp2,gemma3_27b,normal_t0.7_s1,1440,scored/E1_lookalike_level/gemma3_27b/normal_t0.7_s1.scored.jsonl.gz,110227,29565a32cc9badfdf513a1f1e734318c6f52a9b378850be39df1470e700c77c6
scored,E1_lookalike_level,exp2,gemma3_27b,normal_t0.7_s2,1440,scored/E1_lookalike_level/gemma3_27b/normal_t0.7_s2.scored.jsonl.gz,110233,ddd7280ea4b3170857d56cc7f0dba82d13ee97a44e4fb8a81fca694ae3e7d612
scored,E1_lookalike_level,exp2,gemma3_27b,normal_t0.7_s3,1440,scored/E1_lookalike_level/gemma3_27b/normal_t0.7_s3.scored.jsonl.gz,110128,e2ee9564bc2ad4f59b24b6910bcef49d963d6f3121953b4c228518d7dbd1942c
scored,E1_lookalike_level,exp2,gemma3_27b,normal_t0_s0,1440,scored/E1_lookalike_level/gemma3_27b/normal_t0_s0.scored.jsonl.gz,110612,bfbc229f4bf305cf71b00a4fb421fecd207c76d52c7c0a94c33718ba12d43d96
scored,E1_lookalike_level,exp2,gemma3_27b,strict_t0_s0,360,scored/E1_lookalike_level/gemma3_27b/strict_t0_s0.scored.jsonl.gz,28052,6d6fd99f2c9dcb33aaf958bd448b3e766e8dc9a69a0c441aeafe09ef57fd5320
scored,E1_lookalike_level,exp2,glm45_air,normal_t0.7_s1,1440,scored/E1_lookalike_level/glm45_air/normal_t0.7_s1.scored.jsonl.gz,92522,b340e48015a3e6d83989a0d529e03cebeef4b703b611e4a79c8a7008831d71c6
scored,E1_lookalike_level,exp2,glm45_air,normal_t0.7_s2,1440,scored/E1_lookalike_level/glm45_air/normal_t0.7_s2.scored.jsonl.gz,91565,b8057894f49b1c072b49c8640cf0f0249d0ed70450f3b28ae030dcefa17ac438
scored,E1_lookalike_level,exp2,glm45_air,normal_t0.7_s3,1440,scored/E1_lookalike_level/glm45_air/normal_t0.7_s3.scored.jsonl.gz,91140,7b7dcbb80d4ad6c9b2a6c5bf4898a357b281bc7f811ac6e4797270062ecd4a03
scored,E1_lookalike_level,exp2,glm45_air,normal_t0_s0,1440,scored/E1_lookalike_level/glm45_air/normal_t0_s0.scored.jsonl.gz,91277,34b37a79bcfb868623de595f122212a29d313ab71e251e68c8aba3fbc7c0cb30
scored,E1_lookalike_level,exp2,llama31_8b,normal_t0.7_s1,1440,scored/E1_lookalike_level/llama31_8b/normal_t0.7_s1.scored.jsonl.gz,100926,8a2065d8c3a8541edc47607317e71eda77c79bb3ad990681be9775b6bdd32e45
scored,E1_lookalike_level,exp2,llama31_8b,normal_t0.7_s2,1440,scored/E1_lookalike_level/llama31_8b/normal_t0.7_s2.scored.jsonl.gz,104944,7c5f907d265889eabd7fc0f5784b8a5a9c6918024783679b825229c36e2a4012
scored,E1_lookalike_level,exp2,llama31_8b,normal_t0.7_s3,1440,scored/E1_lookalike_level/llama31_8b/normal_t0.7_s3.scored.jsonl.gz,99838,ac05bbce018cfbb73a66892ce8dce9e8c29269b567a1c54ddb8d4c1aaae373f2
scored,E1_lookalike_level,exp2,llama31_8b,normal_t0_s0,1440,scored/E1_lookalike_level/llama31_8b/normal_t0_s0.scored.jsonl.gz,87554,0eca93d5294d2b149d4e2071ce728665763e637ed20e13ae672cd023ac01216c
scored,E1_lookalike_level,exp2,llama31_8b,strict_t0_s0,360,scored/E1_lookalike_level/llama31_8b/strict_t0_s0.scored.jsonl.gz,24764,ffb898e3e0ad68440eb3dd0c8b65eefaa666fb78c916af6a1a92b4fa33e75216
scored,E1_lookalike_level,exp2,llama33_70b,normal_t0.7_s1,1440,scored/E1_lookalike_level/llama33_70b/normal_t0.7_s1.scored.jsonl.gz,109037,b8a1007adfd349260a374f57c8d56c691eff51813048e1f99eab928bb7448b51
scored,E1_lookalike_level,exp2,llama33_70b,normal_t0.7_s2,1440,scored/E1_lookalike_level/llama33_70b/normal_t0.7_s2.scored.jsonl.gz,107577,a9fd0ae33e30fa9d6d7544a0eaa387fa33bd3f1ac3eafe6a930394b90f2ba330
scored,E1_lookalike_level,exp2,llama33_70b,normal_t0.7_s3,1440,scored/E1_lookalike_level/llama33_70b/normal_t0.7_s3.scored.jsonl.gz,105559,9189fed9a94c785242532867a2500ff17d021ea46265c00e5c433a3d19b6c17d
scored,E1_lookalike_level,exp2,llama33_70b,normal_t0_s0,1440,scored/E1_lookalike_level/llama33_70b/normal_t0_s0.scored.jsonl.gz,102376,6ed8efae6a959976f38398f8741ee0a643a2b7b08e13e7c944795cf5864492af
scored,E1_lookalike_level,exp2,llama33_70b,strict_t0_s0,360,scored/E1_lookalike_level/llama33_70b/strict_t0_s0.scored.jsonl.gz,24456,34886753d18e61e5e53da3fa7916303325542940490294672737c7aa631d421d
scored,E1_lookalike_level,exp2,qwen3_30b_a3b,normal_t0.7_s1,1440,scored/E1_lookalike_level/qwen3_30b_a3b/normal_t0.7_s1.scored.jsonl.gz,108406,663d507f0342e23b34b19b69fb9162edc165984c08402f25d81cc1e376db1e1a
scored,E1_lookalike_level,exp2,qwen3_30b_a3b,normal_t0.7_s2,1440,scored/E1_lookalike_level/qwen3_30b_a3b/normal_t0.7_s2.scored.jsonl.gz,108230,ddd7932d7e163644f7805fda1adc2ad0b683d3eeb2f34c8e5120c7341e0bc3af
scored,E1_lookalike_level,exp2,qwen3_30b_a3b,normal_t0.7_s3,1440,scored/E1_lookalike_level/qwen3_30b_a3b/normal_t0.7_s3.scored.jsonl.gz,108663,2bad3aabb11900e28970ee12efd5777609e877baf0436c40fa778104eae61b91
scored,E1_lookalike_level,exp2,qwen3_30b_a3b,normal_t0_s0,1440,scored/E1_lookalike_level/qwen3_30b_a3b/normal_t0_s0.scored.jsonl.gz,107348,edb2e4d918a37ad9bfc42bf321ba20d37386732db319d0ae11b305d98b49114e
scored,E1_lookalike_level,exp2,qwen3_30b_a3b,strict_t0_s0,360,scored/E1_lookalike_level/qwen3_30b_a3b/strict_t0_s0.scored.jsonl.gz,31926,41641fed39d7f63d6cd7acb101e044d414bea2fbbb3684eead44d06eb9a4debf
scored,E1_lookalike_level,exp2,qwen3_4b,normal_t0.7_s1,1440,scored/E1_lookalike_level/qwen3_4b/normal_t0.7_s1.scored.jsonl.gz,118107,d8ee9153f7d5ecc2be8877ac12af3bef7ef22937dd6745f30a951cf4cf263351
scored,E1_lookalike_level,exp2,qwen3_4b,normal_t0.7_s2,1440,scored/E1_lookalike_level/qwen3_4b/normal_t0.7_s2.scored.jsonl.gz,117581,f5c2b0db45a77ae4dfa439e166fd647e69db5735ae02ae35ebe19516673e813c
scored,E1_lookalike_level,exp2,qwen3_4b,normal_t0.7_s3,1440,scored/E1_lookalike_level/qwen3_4b/normal_t0.7_s3.scored.jsonl.gz,117568,1408d37610e768c52429a0800d89666fa3efb850bd378fe8f399c2c0b71bd26c
scored,E1_lookalike_level,exp2,qwen3_4b,normal_t0_s0,1440,scored/E1_lookalike_level/qwen3_4b/normal_t0_s0.scored.jsonl.gz,116948,f8eae9405a618266964c071b2e68d1cf96ddf3c544c0441c901e28be41147959
scored,E1_lookalike_level,exp2,qwen3_4b,strict_t0_s0,360,scored/E1_lookalike_level/qwen3_4b/strict_t0_s0.scored.jsonl.gz,27565,46439e103734b7e1b61cdae9e4c410edbf86d9e300432c8d99657efcdd51b97d
scored,E1_lookalike_level,exp2,qwen3_next_80b,normal_t0.7_s1,1440,scored/E1_lookalike_level/qwen3_next_80b/normal_t0.7_s1.scored.jsonl.gz,103366,f30036cbf254b60b88bba28f999e6fa92767d59f20642ffbb4bef735e6f58dc0
scored,E1_lookalike_level,exp2,qwen3_next_80b,normal_t0.7_s2,1440,scored/E1_lookalike_level/qwen3_next_80b/normal_t0.7_s2.scored.jsonl.gz,103779,2c13248c2e529bc903b53f05462e9e8fa8cd4a1a6c4a40d2228191c68e4896f0
scored,E1_lookalike_level,exp2,qwen3_next_80b,normal_t0.7_s3,1440,scored/E1_lookalike_level/qwen3_next_80b/normal_t0.7_s3.scored.jsonl.gz,102683,a8805c29277f4605a8ea53f6cd6bffb6e1958e6558da63c7897122d8a2bff210
scored,E1_lookalike_level,exp2,qwen3_next_80b,normal_t0_s0,1440,scored/E1_lookalike_level/qwen3_next_80b/normal_t0_s0.scored.jsonl.gz,102618,682c47cc4ad395214c634ecdd3b659546a1b26aaf600cc7653b0f91b46b9a5be
scored,E1_lookalike_level,exp2,qwen3_next_80b,strict_t0_s0,360,scored/E1_lookalike_level/qwen3_next_80b/strict_t0_s0.scored.jsonl.gz,25022,d25ed96fcdd6ff765d5443df3ab2222290c12196d035498e5e209a7fdad3c615
scored,E2_length_filler,exp3,gemma3_27b,normal_t0_s0,2880,scored/E2_length_filler/gemma3_27b/normal_t0_s0.scored.jsonl.gz,204671,302a3d0e8b492a632b337276434f79b4816d0caa0e4e823cdda3cb6695e0bd86
scored,E2_length_filler,exp3,glm45_air,normal_t0_s0,3360,scored/E2_length_filler/glm45_air/normal_t0_s0.scored.jsonl.gz,214935,883be6b2a9bbbaa42f46237ef2cbd2f3fcc43d475fa87477358139a1f3573fdf
scored,E2_length_filler,exp3,llama31_8b,normal_t0_s0,3840,scored/E2_length_filler/llama31_8b/normal_t0_s0.scored.jsonl.gz,249272,68e4e8781e5050c43e6afe2c1ff6b01af658d0b61eef5e0964835d288193f9c3
scored,E2_length_filler,exp3,llama33_70b,normal_t0_s0,3840,scored/E2_length_filler/llama33_70b/normal_t0_s0.scored.jsonl.gz,272901,599876e46b938ff6b5368d7fd170ecc9a9ab8d48ee0d6ab0b657f8d087b3c2f8
scored,E2_length_filler,exp3,llama33_70b_bf16,normal_t0_s0,960,scored/E2_length_filler/llama33_70b_bf16/normal_t0_s0.scored.jsonl.gz,77972,45806811215e0372c4b6fcd8be6cff405b0915d4e47763c40a3df112dbc5596b
scored,E2_length_filler,exp3,qwen3_30b_a3b,normal_t0_s0,3840,scored/E2_length_filler/qwen3_30b_a3b/normal_t0_s0.scored.jsonl.gz,284939,99456a713f2edd377193fdafe8f0c65bde36b777269155b08b15f08a7105bbb1
scored,E2_length_filler,exp3,qwen3_4b,normal_t0_s0,3840,scored/E2_length_filler/qwen3_4b/normal_t0_s0.scored.jsonl.gz,305629,2addf30fda76d0cf69cc660c2d77464fa3e2b2909df2e82610e8c57efd28bced
scored,E2_length_filler,exp3,qwen3_next_80b,normal_t0_s0,3840,scored/E2_length_filler/qwen3_next_80b/normal_t0_s0.scored.jsonl.gz,275533,de476c4c4e439f47c249c3cca1610b67831d9446ac685dd351a8fe5c3b7a76d8
scored,E3_copies,exp4,gemma3_27b,normal_t0_s0,960,scored/E3_copies/gemma3_27b/normal_t0_s0.scored.jsonl.gz,78641,d4f452f9604aeded1ec94df5a415cd2d218136f3ba48255b7810994b1951dca5
scored,E3_copies,exp4,glm45_air,normal_t0_s0,960,scored/E3_copies/glm45_air/normal_t0_s0.scored.jsonl.gz,71799,767073911c95b3429c24ed63bbe07fff709dfc96a7acb4c94607ac13c446f361
scored,E3_copies,exp4,llama31_8b,normal_t0_s0,960,scored/E3_copies/llama31_8b/normal_t0_s0.scored.jsonl.gz,72617,c68f77e2f406ef4d87213ce366a32e13f9b5249c6c202ae9e3e0744a9183bf00
scored,E3_copies,exp4,llama33_70b,normal_t0_s0,960,scored/E3_copies/llama33_70b/normal_t0_s0.scored.jsonl.gz,84114,e5ac99342ee8030503c964afc6a0103a4301de812cf7724f2ac2397ac67e3b38
scored,E3_copies,exp4,qwen3_30b_a3b,normal_t0_s0,960,scored/E3_copies/qwen3_30b_a3b/normal_t0_s0.scored.jsonl.gz,83794,b228086a59ab73d580b1cb712cd2a7bf86ae1e6cb0e73128e554d8fc1218eee7
scored,E3_copies,exp4,qwen3_4b,normal_t0_s0,960,scored/E3_copies/qwen3_4b/normal_t0_s0.scored.jsonl.gz,101467,7e5157b7f81b8653358fdcb35ff4c7955021ce58e488e995996c914eabce37d8
scored,E3_copies,exp4,qwen3_next_80b,normal_t0_s0,960,scored/E3_copies/qwen3_next_80b/normal_t0_s0.scored.jsonl.gz,90579,4dbb2bb51415bc6f367d5e41311d3df4bb4302d68e345e38b58b8ccb6c600bd1
scored,E4_wikipedia,exp6,gemma3_27b,normal_t0_s0,1500,scored/E4_wikipedia/gemma3_27b/normal_t0_s0.scored.jsonl.gz,146948,981b8194758dfa54fc66b705a99bf37868fd1ca49bb2e8af78e17be183ce631b
scored,E4_wikipedia,exp6,glm45_air,normal_t0_s0,1500,scored/E4_wikipedia/glm45_air/normal_t0_s0.scored.jsonl.gz,111612,5905adabc58a5806165ec8df4b8c71b18525e4e1522c9c82ee4ab247aaed920b
scored,E4_wikipedia,exp6,llama31_8b,normal_t0_s0,1500,scored/E4_wikipedia/llama31_8b/normal_t0_s0.scored.jsonl.gz,127650,e640f8cc096cdf56e1d2857ecaadf1bbc9171a2a48c0fc86c246ca953f2c3cbc
scored,E4_wikipedia,exp6,llama33_70b,normal_t0_s0,1500,scored/E4_wikipedia/llama33_70b/normal_t0_s0.scored.jsonl.gz,117803,7f98f9703f082ecb19a79990b81801ed01af96ff94e74b192410e9978cac5ffe
scored,E4_wikipedia,exp6,qwen3_30b_a3b,normal_t0_s0,1500,scored/E4_wikipedia/qwen3_30b_a3b/normal_t0_s0.scored.jsonl.gz,148147,d6f2f0382c045ad41f68db26c6c7463b961d508bdbc56d85a34d2e4658300f02
scored,E4_wikipedia,exp6,qwen3_4b,normal_t0_s0,1500,scored/E4_wikipedia/qwen3_4b/normal_t0_s0.scored.jsonl.gz,188008,3b841b38e2fc7de41ec042df46a7aedc15738c64149dfbff8c76423ec1d0238e
scored,E4_wikipedia,exp6,qwen3_next_80b,normal_t0_s0,1500,scored/E4_wikipedia/qwen3_next_80b/normal_t0_s0.scored.jsonl.gz,148096,422bb76d5de10d0f646d5b8a47eb9f2276c52dea85bd1600e6b19f9ae9eb6985
scored,E5_protocol,exp7,llama31_8b,batch12_t0_s0,240,scored/E5_protocol/llama31_8b/batch12_t0_s0.scored.jsonl.gz,18885,759deacee12bc970a6502dd92a78c949b6eb2c59f894008f61ee93cc57daf514
scored,E5_protocol,exp7,llama31_8b,normal_t0_s0,240,scored/E5_protocol/llama31_8b/normal_t0_s0.scored.jsonl.gz,16692,8b329cda4add7e2eb6803b590d36d11d700e44833449fb0006e0d5254196d627
scored,E5_protocol,exp7,qwen3_4b,batch12_t0_s0,240,scored/E5_protocol/qwen3_4b/batch12_t0_s0.scored.jsonl.gz,18817,0f678fa9c52a21891330d26bbadad27cbfd4de791773158048a8660798cb3286
scored,E5_protocol,exp7,qwen3_4b,normal_t0_s0,240,scored/E5_protocol/qwen3_4b/normal_t0_s0.scored.jsonl.gz,22421,bbc029208471e248df5890f6b9af4d56a598e296cb2afcfa4bed66f158a439de
